-- phpMyAdmin SQL Dump
-- version 4.9.0.1
-- https://www.phpmyadmin.net/
--
-- Hôte : localhost:8889
-- Généré le :  lun. 09 déc. 2019 à 06:54
-- Version du serveur :  5.7.26
-- Version de PHP :  7.3.8

SET SQL_MODE = "NO_AUTO_VALUE_ON_ZERO";
SET time_zone = "+00:00";

--
-- Base de données :  `video_games`
--

-- --------------------------------------------------------

--
-- Structure de la table `genre`
--

CREATE TABLE `genre` (
  `g_id` int(11) NOT NULL,
  `g_nom` varchar(100) NOT NULL,
  `g_slug` varchar(100) NOT NULL,
  `g_image` varchar(255) NOT NULL
) ENGINE=InnoDB DEFAULT CHARSET=utf8mb4;

--
-- Déchargement des données de la table `genre`
--

INSERT INTO `genre` (`g_id`, `g_nom`, `g_slug`, `g_image`) VALUES
(1, 'Racing', 'racing', 'https://media.rawg.io/media/screenshots/e99/e99eda57f6f7292d53fcf6687362bb41.jpg'),
(2, 'Shooter', 'shooter', 'https://media.rawg.io/media/games/328/3283617cb7d75d67257fc58339188742.jpg'),
(3, 'Adventure', 'adventure', 'https://media.rawg.io/media/games/0af/0af85e8edddfa55368e47c539914a220.jpg'),
(4, 'Action', 'action', 'https://media.rawg.io/media/games/7a2/7a2500ee8b2c0e1ff268bb4479463dea.jpg'),
(5, 'RPG', 'role-playing-games-rpg', 'https://media.rawg.io/media/games/148/1485f72434101885b098d4290bf0ba67.jpg'),
(6, 'Fighting', 'fighting', 'https://media.rawg.io/media/screenshots/3e2/3e22f928180309b9f624628e71fdc447.jpg'),
(7, 'Puzzle', 'puzzle', 'https://media.rawg.io/media/screenshots/2ff/2ffe731b3388bd795f94c38e9afed60f.jpg'),
(10, 'Strategy', 'strategy', 'https://media.rawg.io/media/games/d03/d030347839f74454afcd1008248b08ae.jpg'),
(11, 'Arcade', 'arcade', 'https://media.rawg.io/media/games/a01/a01b34c722ceec784817381eb1824fa5.jpg'),
(14, 'Simulation', 'simulation', 'https://media.rawg.io/media/games/a44/a444a7628bdb49b24d06a7672f805814.jpg'),
(15, 'Sports', 'sports', 'https://media.rawg.io/media/screenshots/9b9/9b9d1fcf7b2a6cc7926328c83e13a66a.jpg'),
(17, 'Card', 'card', 'https://media.rawg.io/media/screenshots/2fc/2fc0a161335cd2980048f1b123354558.jpeg'),
(19, 'Family', 'family', 'https://media.rawg.io/media/screenshots/904/904809185a905c430f6c36f0ebf5353c.jpg'),
(28, 'Board Games', 'board-games', 'https://media.rawg.io/media/screenshots/c25/c252e2023355e98787402c4bdd90f775.jpeg'),
(34, 'Educational', 'educational', 'https://media.rawg.io/media/screenshots/774/774b7f29c1ba764728cf8e9b93e9e788.jpg'),
(40, 'Casual', 'casual', 'https://media.rawg.io/media/screenshots/ff3/ff3bf67aee462624e80d7fa03e5761ad.jpg'),
(51, 'Indie', 'indie', 'https://media.rawg.io/media/games/dd5/dd50d4266915d56dd5b63ae1bf72606a.jpg'),
(59, 'Massively Multiplayer', 'massively-multiplayer', 'https://media.rawg.io/media/screenshots/654/6540928602af293014efa90d75c420b7.jpg'),
(83, 'Platformer', 'platformer', 'https://media.rawg.io/media/games/981/981da15cbfe7c1b96203bf9210b455f3.jpg');

-- --------------------------------------------------------

--
-- Structure de la table `jeuvideo`
--

CREATE TABLE `jeuvideo` (
  `jv_id` int(11) NOT NULL,
  `jv_nom` varchar(100) NOT NULL,
  `jv_slug` varchar(100) NOT NULL,
  `jv_image` varchar(255) NOT NULL,
  `genre_id` int(11) NOT NULL
) ENGINE=InnoDB DEFAULT CHARSET=utf8mb4;

--
-- Déchargement des données de la table `jeuvideo`
--

INSERT INTO `jeuvideo` (`jv_id`, `jv_nom`, `jv_slug`, `jv_image`, `genre_id`) VALUES
(28, 'Red Dead Redemption 2', 'red-dead-redemption-2', 'https://media.rawg.io/media/games/511/5118aff5091cb3efec399c808f8c598f.jpg', 4),
(32, 'Destiny 2', 'destiny-2', 'https://media.rawg.io/media/games/1d5/1d553996f8c07c06d5f5e526c65d33a4.jpg', 4),
(39, 'Prey (2017)', 'prey', 'https://media.rawg.io/media/games/278/2783e31b00d7b87905e5346a1df1ccfb.jpg', 4),
(108, 'MORTAL KOMBAT X', 'mortal-kombat-x', 'https://media.rawg.io/media/games/aa3/aa36ba4b486a03ddfaef274fb4f5afd4.jpg', 4),
(278, 'Horizon Zero Dawn', 'horizon-zero-dawn', 'https://media.rawg.io/media/games/b7d/b7d3f1715fa8381a4e780173a197a615.jpg', 4),
(362, 'For Honor', 'for-honor', 'https://media.rawg.io/media/games/52a/52a335fcce958afb1841672fc63833ec.jpg', 4),
(416, 'Grand Theft Auto: San Andreas', 'grand-theft-auto-san-andreas', 'https://media.rawg.io/media/games/1bb/1bb86c35ffa3eb0d299b01a7c65bf908.jpg', 4),
(422, 'Terraria', 'terraria', 'https://media.rawg.io/media/games/91c/91c4f377c1e09755b60a0102c5252843.jpg', 4),
(430, 'Grand Theft Auto: Vice City', 'grand-theft-auto-vice-city', 'https://media.rawg.io/media/games/13a/13a528ac9cf48bbb6be5d35fe029336d.jpg', 4),
(613, 'Bastion', 'bastion', 'https://media.rawg.io/media/games/f99/f9979698c43fd84c3ab69280576dd3af.jpg', 4),
(766, 'Warframe', 'warframe', 'https://media.rawg.io/media/games/2c4/2c4ec7b64079b561667850593d23c417.jpg', 4),
(802, 'Borderlands 2', 'borderlands-2', 'https://media.rawg.io/media/games/588/588c6bdff3d4baf66ec36b1c05b793bf.jpg', 4),
(1010, 'Transistor', 'transistor', 'https://media.rawg.io/media/games/d1f/d1f872a48286b6b751670817d5c1e1be.jpg', 4),
(1030, 'Limbo', 'limbo', 'https://media.rawg.io/media/games/929/9295e55ce69cf5337c567983cf8b4137.jpeg', 4),
(1447, 'Deus Ex: Mankind Divided', 'deus-ex-mankind-divided', 'https://media.rawg.io/media/games/c24/c24ec439abf4a2e92f3429dfa83f7f94.jpg', 4),
(2361, 'Psychonauts', 'psychonauts', 'https://media.rawg.io/media/games/c89/c89ca70716080733d03724277df2c6c7.jpg', 4),
(2454, 'DOOM (2016)', 'doom', 'https://media.rawg.io/media/games/c4b/c4b0cab189e73432de3a250d8cf1c84e.jpg', 4),
(2462, 'Uncharted 4: A Thief’s End', 'uncharted-4-a-thiefs-end', 'https://media.rawg.io/media/games/0ea/0ea05d4703f3af63a570471fbad79d40.jpg', 4),
(2551, 'Dark Souls III', 'dark-souls-iii', 'https://media.rawg.io/media/games/da1/da1b267764d77221f07a4386b6548e5a.jpg', 4),
(2792, 'Layers of Fear', 'layers-of-fear', 'https://media.rawg.io/media/games/6a2/6a2e48933245e2cd3c92248c75c925e1.jpg', 3),
(3017, 'Just Cause 3', 'just-cause-3', 'https://media.rawg.io/media/games/c98/c9839e65d2debbcbc7e0f9f76920bab8.jpg', 4),
(3070, 'Fallout 4', 'fallout-4', 'https://media.rawg.io/media/games/c88/c885ae6a24bbce21df93b6c4e1c78899.jpg', 4),
(3144, 'Super Meat Boy', 'super-meat-boy', 'https://media.rawg.io/media/games/e04/e04963f3ac4c4fa83a1dc0b9231e50db.jpg', 4),
(3191, 'Mad Max', 'mad-max', 'https://media.rawg.io/media/games/eaf/eaf4423c35322d6534b92c43858e5c7b.jpg', 4),
(3192, 'METAL GEAR SOLID V: THE PHANTOM PAIN', 'metal-gear-solid-v-the-phantom-pain', 'https://media.rawg.io/media/games/490/49016e06ae2103881ff6373248843069.jpg', 4),
(3272, 'Rocket League', 'rocket-league', 'https://media.rawg.io/media/games/88c/88c5b4d7c80276c03ff62aebb1a99ad4.jpg', 4),
(3287, 'Batman: Arkham Knight', 'batman-arkham-knight', 'https://media.rawg.io/media/games/6fe/6fe41dc9d1782e7c216baa90b3306056.jpg', 4),
(3328, 'The Witcher 3: Wild Hunt', 'the-witcher-3-wild-hunt', 'https://media.rawg.io/media/games/088/088b41ca3f9d22163e43be07acf42304.jpg', 5),
(3387, 'Bloodborne', 'bloodborne', 'https://media.rawg.io/media/games/238/238ff9c62fcc94f152a7d4b612907c43.jpg', 4),
(3439, 'Life is Strange', 'life-is-strange-episode-1-2', 'https://media.rawg.io/media/games/562/562553814dd54e001a541e4ee83a591c.jpg', 3),
(3498, 'Grand Theft Auto V', 'grand-theft-auto-v', 'https://media.rawg.io/media/games/b11/b115b2bc6a5957a917bc7601f4abdda2.jpg', 4),
(3543, 'Borderlands: The Pre-Sequel', 'borderlands-the-pre-sequel', 'https://media.rawg.io/media/games/530/5302dd22a190e664531236ca724e8726.jpg', 4),
(3612, 'Hotline Miami', 'hotline-miami', 'https://media.rawg.io/media/games/9fa/9fa63622543e5d4f6d99aa9d73b043de.jpg', 4),
(3636, 'The Last Of Us Remastered', 'the-last-of-us-remastered', 'https://media.rawg.io/media/games/364/3642d850efb217c58feab80b8affaa89.jpg', 4),
(3696, 'Wolfenstein: The New Order', 'wolfenstein-the-new-order', 'https://media.rawg.io/media/games/c80/c80bcf321da44d69b18a06c04d942662.jpg', 4),
(3740, 'FEZ', 'fez', 'https://media.rawg.io/media/games/4cb/4cb855e8ef1578415a928e53c9f51867.png', 4),
(3747, 'METAL GEAR SOLID V: GROUND ZEROES', 'metal-gear-solid-v-ground-zeroes', 'https://media.rawg.io/media/games/7ac/7aca7ccf0e70cd0974cb899ab9e5158e.jpg', 4),
(3790, 'Outlast', 'outlast', 'https://media.rawg.io/media/games/9dd/9ddabb34840ea9227556670606cf8ea3.jpg', 4),
(3841, 'Assassin’s Creed IV Black Flag', 'assassins-creed-iv-black-flag', 'https://media.rawg.io/media/games/849/849414b978db37d4563ff9e4b0d3a787.jpg', 4),
(3853, 'Trine 2: Complete Story', 'trine-2-complete-story', 'https://media.rawg.io/media/screenshots/c97/c97b943741f5fbc936fe054d9d58851d.jpg', 4),
(3939, 'PAYDAY 2', 'payday-2', 'https://media.rawg.io/media/games/73e/73eecb8909e0c39fb246f457b5d6cbbe.jpg', 4),
(4003, 'GRID 2', 'grid-2', 'https://media.rawg.io/media/games/27b/27b02ffaab6b250cc31bf43baca1fc34.jpg', 15),
(4062, 'BioShock Infinite', 'bioshock-infinite', 'https://media.rawg.io/media/games/fc1/fc1307a2774506b5bd65d7e8424664a7.jpg', 4),
(4161, 'Far Cry 3', 'far-cry-3', 'https://media.rawg.io/media/games/15c/15c95a4915f88a3e89c821526afe05fc.jpg', 4),
(4166, 'Mass Effect', 'mass-effect', 'https://media.rawg.io/media/games/a6c/a6ccd34125c594abf1a9c9821b9a715d.jpg', 4),
(4200, 'Portal 2', 'portal-2', 'https://media.rawg.io/media/games/328/3283617cb7d75d67257fc58339188742.jpg', 2),
(4223, 'The Darkness II', 'the-darkness-ii', 'https://media.rawg.io/media/games/c71/c7155d90b66651bc1a33bd785b75294b.jpg', 4),
(4252, 'Mirror\'s Edge', 'mirrors-edge', 'https://media.rawg.io/media/games/e46/e462e92b46e8df13e78a806191610d47.jpg', 4),
(4280, 'Max Payne 3', 'max-payne-3', 'https://media.rawg.io/media/games/5bf/5bf88a28de96321c86561a65ee48e6c2.jpg', 4),
(4286, 'BioShock', 'bioshock', 'https://media.rawg.io/media/games/bc0/bc06a29ceac58652b684deefe7d56099.jpg', 4),
(4291, 'Counter-Strike: Global Offensive', 'counter-strike-global-offensive', 'https://media.rawg.io/media/games/ded/dedd631793c5666ffab9ef03975eb226.jpg', 4),
(4332, 'Spec Ops: The Line', 'spec-ops-the-line', 'https://media.rawg.io/media/games/b49/b4912b5dbfc7ed8927b65f05b8507f6c.jpg', 4),
(4386, 'Saints Row: The Third', 'saints-row-the-third', 'https://media.rawg.io/media/games/d69/d69810315bd7e226ea2d21f9156af629.jpg', 4),
(4427, 'BioShock 2', 'bioshock-2', 'https://media.rawg.io/media/games/157/15742f2f67eacff546738e1ab5c19d20.jpg', 4),
(4459, 'Grand Theft Auto IV', 'grand-theft-auto-iv', 'https://media.rawg.io/media/games/4a0/4a0a1316102366260e6f38fd2a9cfdce.jpg', 4),
(4502, 'Darksiders', 'darksiders', 'https://media.rawg.io/media/games/8d4/8d46786ca86b1d95f3dc7e700e2dc4dd.jpg', 4),
(4513, 'Just Cause 2', 'just-cause-2', 'https://media.rawg.io/media/games/a3c/a3c529a12c896c0ef02db5b4741de2ba.jpg', 4),
(4514, 'L.A. Noire', 'la-noire', 'https://media.rawg.io/media/games/e2d/e2d3f396b16dded0f841c17c9799a882.jpg', 4),
(4570, 'Dead Space', 'dead-space', 'https://media.rawg.io/media/games/ebd/ebdbb7eb52bd58b0e7fa4538d9757b60.jpg', 4),
(4806, 'Mass Effect 2', 'mass-effect-2', 'https://media.rawg.io/media/games/3cf/3cff89996570cf29a10eb9cd967dcf73.jpg', 4),
(4828, 'Borderlands', 'borderlands', 'https://media.rawg.io/media/games/c6b/c6bfece1daf8d06bc0a60632ac78e5bf.jpg', 4),
(5286, 'Tomb Raider (2013)', 'tomb-raider', 'https://media.rawg.io/media/games/81b/81b138691f027ed1f8720758daa0d895.jpg', 4),
(5525, 'Brutal Legend', 'brutal-legend', 'https://media.rawg.io/media/games/e7f/e7fcc77eea92636490e0a81117d021e2.jpg', 4),
(5583, 'Hitman: Absolution', 'hitman-absolution', 'https://media.rawg.io/media/games/d46/d46373f39458670305704ef089387520.jpg', 4),
(5679, 'The Elder Scrolls V: Skyrim', 'the-elder-scrolls-v-skyrim', 'https://media.rawg.io/media/games/148/1485f72434101885b098d4290bf0ba67.jpg', 4),
(7689, 'Rise of the Tomb Raider', 'rise-of-the-tomb-raider', 'https://media.rawg.io/media/games/b45/b45575f34285f2c4479c9a5f719d972e.jpg', 4),
(9721, 'Garry\'s Mod', 'garrys-mod', 'https://media.rawg.io/media/games/48c/48cb04ca483be865e3a83119c94e6097.jpg', 51),
(9882, 'Don\'t Starve Together', 'dont-starve-together', 'https://media.rawg.io/media/games/dd5/dd50d4266915d56dd5b63ae1bf72606a.jpg', 4),
(10035, 'HITMAN', 'hitman', 'https://media.rawg.io/media/games/16b/16b1b7b36e2042d1128d5a3e852b3b2f.jpg', 4),
(10213, 'Dota 2', 'dota-2', 'https://media.rawg.io/media/games/83f/83f6f70a7c1b86cd2637b029d8b42caa.jpg', 4),
(10243, 'Company of Heroes 2', 'company-of-heroes-2', 'https://media.rawg.io/media/games/0bd/0bd5646a3d8ee0ac3314bced91ea306d.jpg', 10),
(10533, 'Path of Exile', 'path-of-exile', 'https://media.rawg.io/media/games/d0f/d0f91fe1d92332147e5db74e207cfc7a.jpg', 4),
(10754, 'BioShock Remastered', 'bioshock-remastered', 'https://media.rawg.io/media/games/4ba/4ba9b4b68ffcc7019b112174883ba4d6.jpg', 2),
(11435, 'Viscera Cleanup Detail: Shadow Warrior', 'viscera-cleanup-detail-shadow-warrior', 'https://media.rawg.io/media/screenshots/f2f/f2f3c93d6153da7aee590f3ab8ccd803.jpg', 4),
(11859, 'Team Fortress 2', 'team-fortress-2', 'https://media.rawg.io/media/games/8e0/8e032ac4faf1136e7d708bb3ac61af23.jpg', 4),
(11934, 'Counter-Strike: Source', 'counter-strike-source', 'https://media.rawg.io/media/games/48e/48e63bbddeddbe9ba81942772b156664.jpg', 2),
(11935, 'Half-Life Deathmatch: Source', 'half-life-deathmatch-source', 'https://media.rawg.io/media/games/174/174fabfca02d5730531bab2153a7dfcb.jpg', 4),
(11936, 'Half-Life 2: Deathmatch', 'half-life-2-deathmatch', 'https://media.rawg.io/media/games/ec3/ec3a7db7b8ab5a71aad622fe7c62632f.jpg', 4),
(11973, 'Middle-earth: Shadow of Mordor', 'shadow-of-mordor', 'https://media.rawg.io/media/games/d1a/d1a2e99ade53494c6330a0ed945fe823.jpg', 4),
(12020, 'Left 4 Dead 2', 'left-4-dead-2', 'https://media.rawg.io/media/games/c25/c25ebb8eb08790277ae2e2dce0d62174.jpg', 4),
(13536, 'Portal', 'portal', 'https://media.rawg.io/media/screenshots/19d/19d3effb85e8f40d0b5b004fb5ab5c76.jpg', 4),
(13537, 'Half-Life 2', 'half-life-2', 'https://media.rawg.io/media/games/b8c/b8c243eaa0fbac8115e0cdccac3f91dc.jpg', 4),
(13554, 'Fallout: A Post Nuclear Role Playing Game', 'fallout-a-post-nuclear-role-playing-game', 'https://media.rawg.io/media/games/14a/14a83c56ff668baaced6e8c8704b6391.jpg', 5),
(13633, 'Sid Meier\'s Civilization V', 'civilization-v', 'https://media.rawg.io/media/games/55e/55ee6432ac2bf224610fa17e4c652107.jpg', 10),
(13668, 'Amnesia: The Dark Descent', 'amnesia-the-dark-descent', 'https://media.rawg.io/media/games/ed5/ed5b7d01dd68fd8d598c91ad61f153af.jpg', 4),
(13910, 'XCOM: Enemy Unknown', 'xcom-enemy-unknown', 'https://media.rawg.io/media/games/238/2383a172b4d50a7b44e07980eb7141ea.jpg', 10),
(16944, 'The Witcher 2: Assassins of Kings Enhanced Edition', 'the-witcher-2-assassins-of-kings-enhanced-edition', 'https://media.rawg.io/media/games/6cd/6cd653e0aaef5ff8bbd295bf4bcb12eb.jpg', 5),
(17576, 'Batman: Arkham City - Game of the Year Edition', 'batman-arkham-city-goty', 'https://media.rawg.io/media/screenshots/eb4/eb4870641a99b48f95fb21343531f7e6.jpg', 4),
(17822, 'The Witcher: Enhanced Edition Director\'s Cut', 'the-witcher-enhanced-edition-directors-cut', 'https://media.rawg.io/media/games/ee3/ee3e10193aafc3230ba1cae426967d10.jpg', 4),
(18080, 'Half-Life', 'half-life', 'https://media.rawg.io/media/games/6c5/6c55e22185876626881b76c11922b073.jpg', 4),
(18240, 'Brothers - A Tale of Two Sons', 'brothers-a-tale-of-two-sons-2', 'https://media.rawg.io/media/games/b6b/b6b20bfc4b34e312dbc8aac53c95a348.jpg', 4),
(19103, 'Half-Life 2: Lost Coast', 'half-life-2-lost-coast', 'https://media.rawg.io/media/games/b7b/b7b8381707152afc7d91f5d95de70e39.jpg', 4),
(19301, 'Counter-Strike', 'counter-strike', 'https://media.rawg.io/media/games/9c4/9c47f320eb73c9a02d462e12f6206b26.jpg', 4),
(19487, 'Alan Wake', 'alan-wake', 'https://media.rawg.io/media/games/5c0/5c0dd63002cb23f804aab327d40ef119.jpg', 4),
(19709, 'Half-Life 2: Episode Two', 'half-life-2-episode-two', 'https://media.rawg.io/media/games/198/1988a337305e008b41d7f536ce9b73f6.jpg', 2),
(19710, 'Half-Life 2: Episode One', 'half-life-2-episode-one', 'https://media.rawg.io/media/games/7a2/7a2500ee8b2c0e1ff268bb4479463dea.jpg', 4),
(29028, 'Metro 2033', 'metro-2033', 'https://media.rawg.io/media/games/120/1201a40e4364557b124392ee50317b99.jpg', 4),
(58134, 'Marvel\'s Spider-Man', 'marvels-spider-man', 'https://media.rawg.io/media/games/9aa/9aa42d16d425fa6f179fc9dc2f763647.jpg', 4),
(58175, 'God of War', 'god-of-war-2', 'https://media.rawg.io/media/games/4be/4be6a6ad0364751a96229c56bf69be59.jpg', 4),
(343607, 'The Walking Dead', 'the-walking-dead', 'https://media.rawg.io/media/screenshots/d76/d76ec02d681a20848ae78adce6324701.jpg', 4);

-- --------------------------------------------------------

--
-- Structure de la table `jeuvideo_media`
--

CREATE TABLE `jeuvideo_media` (
  `jvm_id` int(11) NOT NULL,
  `jvm_image` varchar(255) NOT NULL,
  `jeuvideo_id` int(11) NOT NULL
) ENGINE=InnoDB DEFAULT CHARSET=utf8mb4;

--
-- Déchargement des données de la table `jeuvideo_media`
--

INSERT INTO `jeuvideo_media` (`jvm_id`, `jvm_image`, `jeuvideo_id`) VALUES
(1, 'https://media.rawg.io/media/games/c25/c25ebb8eb08790277ae2e2dce0d62174.jpg', 12020),
(2, 'https://media.rawg.io/media/games/148/1485f72434101885b098d4290bf0ba67.jpg', 5679),
(3, 'https://media.rawg.io/media/screenshots/4c0/4c043fd1a5ff78900483f2e82580fea0.jpg', 12020),
(4, 'https://media.rawg.io/media/games/b11/b115b2bc6a5957a917bc7601f4abdda2.jpg', 3498),
(5, 'https://media.rawg.io/media/games/328/3283617cb7d75d67257fc58339188742.jpg', 4200),
(6, 'https://media.rawg.io/media/screenshots/1b4/1b4eefb4cc2a77d4d35bb4a6926f3189.jpg', 3498),
(7, 'https://media.rawg.io/media/games/088/088b41ca3f9d22163e43be07acf42304.jpg', 3328),
(8, 'https://media.rawg.io/media/screenshots/221/221a03c11e5ff9f765d62f60d4b4cbf5.jpg', 4200),
(9, 'https://media.rawg.io/media/screenshots/1ac/1ac19f31974314855ad7be266adeb500.jpg', 3328),
(10, 'https://media.rawg.io/media/screenshots/a7c/a7c43871a54bed6573a6a429451564ef.jpg', 3498),
(11, 'https://media.rawg.io/media/screenshots/c90/c9071628c238fbc20b366e2413dd8b4a.jpg', 12020),
(12, 'https://media.rawg.io/media/screenshots/3bd/3bd2710bd1ffb6664fdea7b83afd067e.jpg', 5679),
(13, 'https://media.rawg.io/media/games/588/588c6bdff3d4baf66ec36b1c05b793bf.jpg', 802),
(14, 'https://media.rawg.io/media/screenshots/173/1737ff43c14f40294011a209b1012875.jpg', 4200),
(15, 'https://media.rawg.io/media/screenshots/6a0/6a08afca95261a2fe221ea9e01d28762.jpg', 3328),
(16, 'https://media.rawg.io/media/screenshots/cf4/cf4367daf6a1e33684bf19adb02d16d6.jpg', 3498),
(17, 'https://media.rawg.io/media/screenshots/e29/e293b0f98092b8c0dbe24d66846088bb.jpg', 12020),
(18, 'https://media.rawg.io/media/screenshots/adb/adbbb37113618ee107459cd5c344f2a8.jpg', 802),
(19, 'https://media.rawg.io/media/screenshots/d4e/d4e9b13f54748584ccbd6f998094dade.jpg', 5679),
(20, 'https://media.rawg.io/media/screenshots/b11/b11a2ae0664f0e8a1ef2346f99df26e1.jpg', 4200),
(21, 'https://media.rawg.io/media/screenshots/cdd/cdd31b6b4a687425a87b5ce231ac89d7.jpg', 3328),
(22, 'https://media.rawg.io/media/screenshots/f95/f9518b1d99210c0cae21fc09e95b4e31.jpg', 3498),
(23, 'https://media.rawg.io/media/screenshots/168/16867bc76b385eb0fb749e41f7ada93d.jpg', 12020),
(24, 'https://media.rawg.io/media/screenshots/616/61643dd96e936d29eb68cf53b2334e53.jpg', 802),
(25, 'https://media.rawg.io/media/screenshots/9b1/9b107a790909b31918ebe2f40547cc85.jpg', 4200),
(26, 'https://media.rawg.io/media/screenshots/599/59946a630e9c7871003763d63184404a.jpg', 5679),
(27, 'https://media.rawg.io/media/screenshots/2dc/2dc7ea94641f7329d177f228564b968a.jpg', 3498),
(28, 'https://media.rawg.io/media/screenshots/862/862397b153221a625922d3bb66337834.jpg', 3328),
(29, 'https://media.rawg.io/media/screenshots/fb9/fb917e562f311f48ff8d27632bd29a80.jpg', 12020),
(30, 'https://media.rawg.io/media/screenshots/c5d/c5dad426038d7d12f933eedbeab48ff3.jpg', 5679),
(31, 'https://media.rawg.io/media/screenshots/864/8644946ba14a03ab69f0766c42a03f80.jpg', 802),
(32, 'https://media.rawg.io/media/screenshots/d05/d058fc7f7fa6128916c311eb14267fed.jpg', 4200),
(33, 'https://media.rawg.io/media/screenshots/5f2/5f2ca569912add2a211b20ba3f576b97.jpg', 12020),
(34, 'https://media.rawg.io/media/screenshots/166/166787c442a45f52f4f230c33fd7d605.jpg', 3328),
(35, 'https://media.rawg.io/media/screenshots/a5c/a5c95ea539c87d5f538763e16e18fb99.jpg', 3498),
(36, 'https://media.rawg.io/media/screenshots/415/41543dcc12dffc8e97d85a56ad42cda8.jpg', 4200),
(37, 'https://media.rawg.io/media/screenshots/f87/f87ad2b8f02b56e36c57b25cf8eac042.jpg', 802),
(38, 'https://media.rawg.io/media/screenshots/b32/b326fa01c82db82edd41ed299886ee44.jpg', 5679),
(39, 'https://media.rawg.io/media/screenshots/f63/f6373ee614046d81503d63f167181803.jpg', 3328),
(40, 'https://media.rawg.io/media/screenshots/194/194e0962afa272604300001718a07793.jpg', 802),
(41, 'https://media.rawg.io/media/screenshots/091/091e95b49d5a22de036698fc731395a2.jpg', 5679),
(42, 'https://media.rawg.io/media/screenshots/297/29716964351ecd82545f1de3a50dfc4e.jpg', 802),
(43, 'https://media.rawg.io/media/games/ded/dedd631793c5666ffab9ef03975eb226.jpg', 4291),
(44, 'https://media.rawg.io/media/screenshots/ff1/ff16661bb15f7969b44f6c4118870e44.jpg', 4291),
(45, 'https://media.rawg.io/media/screenshots/41b/41bb769d247412eac3336dec934aed72.jpg', 4291),
(46, 'https://media.rawg.io/media/screenshots/19d/19d3effb85e8f40d0b5b004fb5ab5c76.jpg', 13536),
(47, 'https://media.rawg.io/media/games/fc1/fc1307a2774506b5bd65d7e8424664a7.jpg', 4062),
(48, 'https://media.rawg.io/media/screenshots/754/754545acdbf71f56e8902a07c7d20696.jpg', 4291),
(49, 'https://media.rawg.io/media/screenshots/99e/99e94bd55eb75fa6e75c3dcbb1a570b2.jpg', 13536),
(50, 'https://media.rawg.io/media/games/81b/81b138691f027ed1f8720758daa0d895.jpg', 5286),
(51, 'https://media.rawg.io/media/screenshots/fd8/fd873cab4c66db0b8e85d8a66e940074.jpg', 4291),
(52, 'https://media.rawg.io/media/screenshots/bf0/bf07e2c6d2c888d372917d9ef453c8a4.jpg', 4062),
(53, 'https://media.rawg.io/media/screenshots/2f0/2f0297a46934d9fa914c626902b1ce20.jpg', 13536),
(54, 'https://media.rawg.io/media/screenshots/4f9/4f9d5efdecfb63cb99f1baa4c0ceb3bf.jpg', 5286),
(55, 'https://media.rawg.io/media/screenshots/9d3/9d38833952812ad7888a6dc21699934f.jpg', 4062),
(56, 'https://media.rawg.io/media/screenshots/7db/7db2954f7908b6749c36a5f3c9052f65.jpg', 4291),
(57, 'https://media.rawg.io/media/screenshots/3b3/3b3713fbca6194dfc4d6e8a8d006d354.jpg', 13536),
(58, 'https://media.rawg.io/media/games/562/562553814dd54e001a541e4ee83a591c.jpg', 3439),
(59, 'https://media.rawg.io/media/screenshots/337/337a3e98b5933f456a2b37b59fab5f39.jpg', 4291),
(60, 'https://media.rawg.io/media/screenshots/80f/80f373082b2a74da3f9c3fe2b877dcd0.jpg', 5286),
(61, 'https://media.rawg.io/media/screenshots/edf/edfcbdf85f02f871263dabf1b4f0aa87.jpg', 3439),
(62, 'https://media.rawg.io/media/screenshots/595/59572d257b6797986e4eabcd1ee023fd.jpg', 4062),
(63, 'https://media.rawg.io/media/screenshots/c6f/c6f9afc3e4dd51068b22f04acbc6ca99.jpg', 13536),
(64, 'https://media.rawg.io/media/screenshots/a87/a8733e877f8fbe45e4a727c22a06aa2e.jpg', 5286),
(65, 'https://media.rawg.io/media/screenshots/4c6/4c6da2f36396d4ed51f82ba6159fa39b.jpg', 3439),
(66, 'https://media.rawg.io/media/screenshots/f71/f71c23eb76f050d6180490e82d58d799.jpg', 4062),
(67, 'https://media.rawg.io/media/screenshots/748/74841207eec76ebc7fc03210168bfb7e.jpg', 13536),
(68, 'https://media.rawg.io/media/screenshots/6aa/6aa56ef1485c8b287a913fa842883daa.jpg', 3439),
(69, 'https://media.rawg.io/media/games/929/9295e55ce69cf5337c567983cf8b4137.jpeg', 1030),
(70, 'https://media.rawg.io/media/screenshots/3f9/3f91678c6805a76419fa4ea3a045a909.jpg', 5286),
(71, 'https://media.rawg.io/media/screenshots/871/8713411d5332ceb2b4092073a6f5f3f2.jpg', 4062),
(72, 'https://media.rawg.io/media/screenshots/e72/e7256b4caedf099bcb8ebd332f892334.jpg', 13536),
(73, 'https://media.rawg.io/media/screenshots/985/985b56daa78e0a23133518d4226e9f97.jpg', 4062),
(74, 'https://media.rawg.io/media/screenshots/512/512f4bc2092016478ddcb9e7e60aeec0.jpg', 1030),
(75, 'https://media.rawg.io/media/screenshots/417/4170bf07be43a8d8249193883f87f1c1.jpg', 5286),
(76, 'https://media.rawg.io/media/screenshots/cb1/cb148b52fe857f5b0b83ae9c01f56d8e.jpg', 3439),
(77, 'https://media.rawg.io/media/screenshots/aea/aea38b33b90054f8fe4cc8bb05253b1d.jpg', 3439),
(78, 'https://media.rawg.io/media/screenshots/2a4/2a4250f83ad9e959d8b4ca9376ae34ea.jpg', 5286),
(79, 'https://media.rawg.io/media/screenshots/63d/63d30699e8fcab9c808e6714d9d3fd59.jpg', 1030),
(80, 'https://media.rawg.io/media/screenshots/c1d/c1d6333b2da0f920e8de10c14d3c6093.jpg', 3439),
(81, 'https://media.rawg.io/media/screenshots/de0/de04bbc0fd9904071ef25bf23113c8c4.jpg', 1030),
(82, 'https://media.rawg.io/media/screenshots/eed/eedbbca4ae2debf2d4e23e55d1f6cff7.jpg', 1030),
(83, 'https://media.rawg.io/media/screenshots/59f/59f472b3ed7b414777a29213d70b4d17.jpg', 1030),
(84, 'https://media.rawg.io/media/games/bc0/bc06a29ceac58652b684deefe7d56099.jpg', 4286),
(85, 'https://media.rawg.io/media/games/8e0/8e032ac4faf1136e7d708bb3ac61af23.jpg', 11859),
(86, 'https://media.rawg.io/media/screenshots/01f/01f62d7064838a5c3202acfc61503487.jpg', 4286),
(87, 'https://media.rawg.io/media/games/b8c/b8c243eaa0fbac8115e0cdccac3f91dc.jpg', 13537),
(88, 'https://media.rawg.io/media/screenshots/4a8/4a8c625374918e96e74948189e90c20b.jpg', 1030),
(89, 'https://media.rawg.io/media/screenshots/596/5968ba06bac8bee0ec7e9d03c970c421.jpg', 11859),
(90, 'https://media.rawg.io/media/screenshots/8af/8af6188357426890cbc8c8a34d9e7b75.jpg', 13537),
(91, 'https://media.rawg.io/media/screenshots/7f5/7f517e07e36e4af5a7c0b86a7d42853f.jpg', 4286),
(92, 'https://media.rawg.io/media/screenshots/94f/94f4eb0b3d1fde7a37ec84f0f66f7f87.jpg', 11859),
(93, 'https://media.rawg.io/media/screenshots/aca/aca089b963a42ec4cbf56b5e5334af8e.jpg', 4286),
(94, 'https://media.rawg.io/media/screenshots/3b5/3b542c954ba5bd2f32da067c8122cd80.jpg', 13537),
(95, 'https://media.rawg.io/media/games/73e/73eecb8909e0c39fb246f457b5d6cbbe.jpg', 3939),
(96, 'https://media.rawg.io/media/screenshots/a0a/a0ad82cad18d0a2466d1d5f12bf8858c.jpg', 11859),
(97, 'https://media.rawg.io/media/games/83f/83f6f70a7c1b86cd2637b029d8b42caa.jpg', 10213),
(98, 'https://media.rawg.io/media/screenshots/3d6/3d6066e45d259d2e83bf6767e6113d94.jpg', 13537),
(99, 'https://media.rawg.io/media/screenshots/c38/c38f5aa479eebab20cedcdae370e6e18.jpg', 3939),
(100, 'https://media.rawg.io/media/screenshots/3aa/3aa6f71eba1d64e671bd45826ca96560.jpg', 4286),
(101, 'https://media.rawg.io/media/screenshots/a83/a83038d2ec296522ab1b9ab0521b1ec3.jpg', 11859),
(102, 'https://media.rawg.io/media/screenshots/cef/cefd0f45c88be2d6e2ff7eed94c16cf3.jpg', 10213),
(103, 'https://media.rawg.io/media/screenshots/442/442be5656b314e3289ecd1486b5282f1.jpg', 3939),
(104, 'https://media.rawg.io/media/screenshots/e49/e49327df2404df6c5dafa8eac7990852.jpg', 13537),
(105, 'https://media.rawg.io/media/screenshots/e2a/e2a1a6c8b07bcdb91d7c6050b16854c5.jpg', 10213),
(106, 'https://media.rawg.io/media/screenshots/d8e/d8ed29c7c0b41e4013588847944ed446.jpg', 4286),
(107, 'https://media.rawg.io/media/screenshots/8d4/8d488a3e65256ec777c8097b0faacc78.jpg', 11859),
(108, 'https://media.rawg.io/media/screenshots/c2c/c2ccfeaeda357f932d1899a91f298850.jpg', 3939),
(109, 'https://media.rawg.io/media/screenshots/5dd/5dd3e53131bbfe6278bd15b9abe261a0.jpg', 13537),
(110, 'https://media.rawg.io/media/screenshots/146/146e418797aca19296f90d259207414c.jpg', 4286),
(111, 'https://media.rawg.io/media/screenshots/55e/55e2c2ff16229eef87cfd8728ca537ac.jpg', 10213),
(112, 'https://media.rawg.io/media/games/4a0/4a0a1316102366260e6f38fd2a9cfdce.jpg', 4459),
(113, 'https://media.rawg.io/media/screenshots/707/707c7488bd6e35bc74d274a923bc1df2.jpg', 11859),
(114, 'https://media.rawg.io/media/screenshots/e99/e995e154d4f9e2df0367adea528a72c5.jpg', 13537),
(115, 'https://media.rawg.io/media/screenshots/a18/a18da938def6ce6e5b571f1c20272ab0.jpg', 3939),
(116, 'https://media.rawg.io/media/screenshots/07f/07f7cf80741ff306e4eca982c3e64ac8.jpg', 4459),
(117, 'https://media.rawg.io/media/screenshots/601/601ceb08d04da42f4de5d8b9016f31a6.jpg', 10213),
(118, 'https://media.rawg.io/media/screenshots/a5d/a5da0d01195f01cdedec974d52892128.jpg', 3939),
(119, 'https://media.rawg.io/media/screenshots/f02/f02a389dafd748b801cb4ff971a868af.jpg', 10213),
(120, 'https://media.rawg.io/media/screenshots/fef/fefd51ec13aa33acbd796ef79bcef7cb.jpg', 4459),
(121, 'https://media.rawg.io/media/screenshots/4ee/4ee5c3c8b850ab4ba8e04b9f5d5ab060.jpg', 3939),
(122, 'https://media.rawg.io/media/screenshots/da6/da6e4cba4e5787674d0e6877d1fc426a.jpg', 10213),
(123, 'https://media.rawg.io/media/screenshots/b78/b78ffd258d5793be704c380e572748bc.jpg', 4459),
(124, 'https://media.rawg.io/media/games/c88/c885ae6a24bbce21df93b6c4e1c78899.jpg', 3070),
(125, 'https://media.rawg.io/media/screenshots/17c/17c85ab9dfc4fda8e1e5ba72932ef2bf.jpg', 4459),
(126, 'https://media.rawg.io/media/games/c4b/c4b0cab189e73432de3a250d8cf1c84e.jpg', 2454),
(127, 'https://media.rawg.io/media/screenshots/f55/f5598897e0e418c67521f2213dceb459.jpg', 3070),
(128, 'https://media.rawg.io/media/screenshots/a12/a12ca99cc74c1e7eba7100b0891dd1e0.jpg', 4459),
(129, 'https://media.rawg.io/media/screenshots/353/353c1e834e7da7d6ceaa6beaff529c29.jpg', 2454),
(130, 'https://media.rawg.io/media/screenshots/b25/b254f9729ae3f36a9ccffccaa01d5cf6.jpg', 4459),
(131, 'https://media.rawg.io/media/screenshots/37c/37ce90b25d84e531743917165115d24c.jpg', 3070),
(132, 'https://media.rawg.io/media/screenshots/e50/e50f822107b8cc6af57aa21d76524149.jpg', 2454),
(133, 'https://media.rawg.io/media/screenshots/fd3/fd3a97519e6d1b73f429f6bfcfb3bcf5.jpg', 3070),
(134, 'https://media.rawg.io/media/screenshots/ae9/ae9e9f7bfe19c63bd16151f81f81a7ed.jpg', 2454),
(135, 'https://media.rawg.io/media/screenshots/069/0691b4c1b839e55531d8c3206cd83dd7.jpg', 3070),
(136, 'https://media.rawg.io/media/screenshots/14e/14e33eccb109558b0524761340ff2023.jpg', 2454),
(137, 'https://media.rawg.io/media/screenshots/cc0/cc0b3e29b579faae8d8585fd9ecff142.jpg', 3070),
(138, 'https://media.rawg.io/media/screenshots/45d/45d16955ac9e90141b726684a07db02a.jpg', 2454),
(139, 'https://media.rawg.io/media/screenshots/99c/99c81029aeace339293753186246099f.jpg', 3070),
(140, 'https://media.rawg.io/media/screenshots/b77/b77629938389a41160d3b2a56eaed568.jpg', 2454),
(141, 'https://media.rawg.io/media/games/4be/4be6a6ad0364751a96229c56bf69be59.jpg', 58175),
(142, 'https://media.rawg.io/media/screenshots/d68/d6868e5f7bce66e326bd48b11ba24b13.jpeg', 58175),
(143, 'https://media.rawg.io/media/games/120/1201a40e4364557b124392ee50317b99.jpg', 29028),
(144, 'https://media.rawg.io/media/games/b7b/b7b8381707152afc7d91f5d95de70e39.jpg', 19103),
(145, 'https://media.rawg.io/media/screenshots/928/928cdaf4ae204f202d177bbd65e911b3.jpeg', 58175),
(146, 'https://media.rawg.io/media/screenshots/e79/e7946cab379370fdef03c2e2c9dfcce3.jpg', 29028),
(147, 'https://media.rawg.io/media/screenshots/9bf/9bf18c7c6759805fc79aad53f3df6f7d.jpg', 19103),
(148, 'https://media.rawg.io/media/screenshots/a54/a549a06ebe89c570cabb57308c4c42a5.jpeg', 58175),
(149, 'https://media.rawg.io/media/games/2c4/2c4ec7b64079b561667850593d23c417.jpg', 766),
(150, 'https://media.rawg.io/media/screenshots/9c5/9c5ac8722a23212460d1536e03c5562d.jpg', 19103),
(151, 'https://media.rawg.io/media/screenshots/f02/f0279f8199da3e91134078e737e5fbcf.jpg', 58175),
(152, 'https://media.rawg.io/media/screenshots/ad4/ad433938bd2377b1beaa8a184bb67405.jpg', 29028),
(153, 'https://media.rawg.io/media/screenshots/59d/59d81fcb1b2bff1e56bfe5c489638a46.jpg', 19103),
(154, 'https://media.rawg.io/media/games/490/49016e06ae2103881ff6373248843069.jpg', 3192),
(155, 'https://media.rawg.io/media/screenshots/2e1/2e15c9f4cca692ebca67b7652e559f6d.jpg', 766),
(156, 'https://media.rawg.io/media/games/88c/88c5b4d7c80276c03ff62aebb1a99ad4.jpg', 3272),
(157, 'https://media.rawg.io/media/screenshots/e87/e87c57660c7c37fe973c6dd6ebcc1ac6.jpeg', 58175),
(158, 'https://media.rawg.io/media/screenshots/28e/28e63b7f13e9ec24ad64ef5ae75e258c.jpg', 29028),
(159, 'https://media.rawg.io/media/screenshots/fa0/fa0cb095629729fb990079d0ec135dae.jpg', 3192),
(160, 'https://media.rawg.io/media/screenshots/70d/70de629465e39f8108aa533df9cff554.jpg', 766),
(161, 'https://media.rawg.io/media/screenshots/259/259239f48f9e32210774b5641527071f.jpg', 19103),
(162, 'https://media.rawg.io/media/screenshots/6a0/6a0745d9dcd0f7a368d372260baf91aa.jpg', 3272),
(163, 'https://media.rawg.io/media/screenshots/b99/b99a0bf0f09991d76ad13c65f7e64562.jpg', 29028),
(164, 'https://media.rawg.io/media/screenshots/5b7/5b7280fe437c39d3ce501a867c46a998.jpeg', 58175),
(165, 'https://media.rawg.io/media/screenshots/12b/12b9a7c1311586328718da042e5c16f3.jpg', 19103),
(166, 'https://media.rawg.io/media/screenshots/768/768087f6fbfae3b1fa7533c38bda35a0.jpg', 3192),
(167, 'https://media.rawg.io/media/screenshots/b3a/b3a368123558e7f4010e8b68518d6412.jpg', 766),
(168, 'https://media.rawg.io/media/screenshots/df1/df1aa556c727ad4f4753dbb9e43875c0.jpg', 29028),
(169, 'https://media.rawg.io/media/screenshots/5ea/5ea8ab6a35f189489b2ec8713d4f1619.jpg', 3272),
(170, 'https://media.rawg.io/media/screenshots/40b/40bf3a64adc8e3b6ffadd1420b1bd250.jpg', 3192),
(171, 'https://media.rawg.io/media/screenshots/fd2/fd2225327c9dca60c9acea0edca8c5fc.jpg', 766),
(172, 'https://media.rawg.io/media/screenshots/94b/94bcd09e75c34712fa85ea6b4945a57c.jpg', 29028),
(173, 'https://media.rawg.io/media/screenshots/508/5083fd170bf10606afd12afc7d17db04.jpg', 3272),
(174, 'https://media.rawg.io/media/screenshots/34e/34e3c0d71551f07c3bb709fe12f18ca2.jpg', 766),
(175, 'https://media.rawg.io/media/screenshots/344/3447022b021fb337970aaa16e9adfa1f.jpg', 3192),
(176, 'https://media.rawg.io/media/screenshots/02d/02d36e8e01a9f1063c6431ce09324e24.jpg', 3272),
(177, 'https://media.rawg.io/media/screenshots/977/977735a2fad2bc47917424e20e9dff56.jpg', 766),
(178, 'https://media.rawg.io/media/screenshots/410/41074cb7d1a80e15b16e5166f121c0e0.jpg', 3192),
(179, 'https://media.rawg.io/media/screenshots/036/036ddade8156ac52ecf8de593123d12c.jpg', 3272),
(180, 'https://media.rawg.io/media/games/6cd/6cd653e0aaef5ff8bbd295bf4bcb12eb.jpg', 16944),
(181, 'https://media.rawg.io/media/screenshots/861/8615727f6e52f1632ae38d71e9e4c800.jpg', 3272),
(182, 'https://media.rawg.io/media/screenshots/535/5358bcad9e3c51816ffb923fcdd9938a.jpg', 3192),
(183, 'https://media.rawg.io/media/games/511/5118aff5091cb3efec399c808f8c598f.jpg', 28),
(184, 'https://media.rawg.io/media/screenshots/0c2/0c2a61b9c675c79be87bb3932779062c.jpg', 16944),
(185, 'https://media.rawg.io/media/screenshots/7b8/7b8895a23e8ca0dbd9e1ba24696579d9.jpg', 28),
(186, 'https://media.rawg.io/media/screenshots/361/36171d84641951be2ca964b667d55d54.jpg', 16944),
(187, 'https://media.rawg.io/media/games/b49/b4912b5dbfc7ed8927b65f05b8507f6c.jpg', 4332),
(188, 'https://media.rawg.io/media/screenshots/b8c/b8cee381079d58b981594ede46a3d6ca.jpg', 28),
(189, 'https://media.rawg.io/media/screenshots/336/3366909fa35d542c7293df9d6b4d0aac.jpg', 16944),
(190, 'https://media.rawg.io/media/games/b7d/b7d3f1715fa8381a4e780173a197a615.jpg', 278),
(191, 'https://media.rawg.io/media/screenshots/a17/a17ff71c8774a3b70375a869b3881244.jpg', 4332),
(192, 'https://media.rawg.io/media/screenshots/c67/c672445939555d23ab0acbeba2d4527f.jpg', 16944),
(193, 'https://media.rawg.io/media/screenshots/fd6/fd6e41d4c30c098158568aef32dfed35.jpg', 28),
(194, 'https://media.rawg.io/media/screenshots/441/4413f59b847bc08634920b79a2071399.jpg', 16944),
(195, 'https://media.rawg.io/media/screenshots/e5a/e5aaa5d242144ab80ef8264c96516dcc.jpg', 4332),
(196, 'https://media.rawg.io/media/screenshots/9cc/9cc79c34d70e437f3931f8476c384f43.jpg', 278),
(197, 'https://media.rawg.io/media/screenshots/2ed/2ed3b2791b3bbed6b98bf362694aeb73.jpg', 28),
(198, 'https://media.rawg.io/media/screenshots/cb5/cb5517c5b620811050cb791516f2c5da.jpg', 16944),
(199, 'https://media.rawg.io/media/screenshots/898/898c2b3a6985f964cd65d55d9d323dbd.jpg', 278),
(200, 'https://media.rawg.io/media/screenshots/f36/f36e756c36d36fe8ffe73a4b39acbebf.jpg', 4332),
(201, 'https://media.rawg.io/media/games/ed5/ed5b7d01dd68fd8d598c91ad61f153af.jpg', 13668),
(202, 'https://media.rawg.io/media/screenshots/857/8573b9f4f06a0c112d6e39cdf3544881.jpg', 28),
(203, 'https://media.rawg.io/media/screenshots/437/437ad0efe43adcad4284f5f48d03559f.jpg', 4332),
(204, 'https://media.rawg.io/media/screenshots/c44/c44b7da5fcbf57d740a7bafe435d555e.jpg', 278),
(205, 'https://media.rawg.io/media/screenshots/32b/32bde7545dff888358a7ce620c7b3063.jpg', 13668),
(206, 'https://media.rawg.io/media/screenshots/985/985e3e1f1d1af1ab0797d43a95d472cc.jpg', 28),
(207, 'https://media.rawg.io/media/screenshots/9e2/9e26af47a676b061f288ff269e91a8f1.jpg', 4332),
(208, 'https://media.rawg.io/media/screenshots/c8c/c8cbefacf83746eadc23f19531676304.jpg', 278),
(209, 'https://media.rawg.io/media/screenshots/f59/f597e6857aab3b1ba098d713524d1690.jpg', 13668),
(210, 'https://media.rawg.io/media/screenshots/2d9/2d9a5dd6a25c04e49accca5358782152.jpg', 4332),
(211, 'https://media.rawg.io/media/games/d1a/d1a2e99ade53494c6330a0ed945fe823.jpg', 11973),
(212, 'https://media.rawg.io/media/screenshots/e53/e534a3e2c61f57b41ad1d1389d5b126f.jpg', 278),
(213, 'https://media.rawg.io/media/screenshots/5fc/5fce282fa41e7d73d0e8b0c35da74391.jpg', 13668),
(214, 'https://media.rawg.io/media/screenshots/120/12094e8cdcdc97a607d711e9c923ab64.jpg', 278),
(215, 'https://media.rawg.io/media/screenshots/123/1239cbfc3e25664170e8c1d5049a6d91.jpg', 11973),
(216, 'https://media.rawg.io/media/screenshots/8f8/8f88209c1fdc529c3af746c08a44ba6c.jpg', 13668),
(217, 'https://media.rawg.io/media/screenshots/47c/47cf2d5a0c37a6262a431a490a57d58d.jpg', 11973),
(218, 'https://media.rawg.io/media/screenshots/ff7/ff776252fbd6de18cfd197b57d6e6aac.jpg', 13668),
(219, 'https://media.rawg.io/media/games/1d5/1d553996f8c07c06d5f5e526c65d33a4.jpg', 32),
(220, 'https://media.rawg.io/media/screenshots/9e7/9e7f6fad3ee317a7edf7f3bc6001ba9d.jpg', 11973),
(221, 'https://media.rawg.io/media/screenshots/42d/42d3c11b04e589565e5a9d2feae5023c.jpg', 13668),
(222, 'https://media.rawg.io/media/screenshots/dd4/dd4cba1d6f31eaaf1324f1a7f5bf4dd8.jpg', 32),
(223, 'https://media.rawg.io/media/screenshots/97f/97fdbb526196705e25ee503bc248b63f.jpg', 11973),
(224, 'https://media.rawg.io/media/screenshots/0af/0afd1813d98230db72c6135625114d72.jpg', 32),
(225, 'https://media.rawg.io/media/screenshots/770/77011e668d64fe192691d56f364fb561.jpg', 11973),
(226, 'https://media.rawg.io/media/screenshots/d09/d091280eba2e91c46dd7a70441b25652.jpg', 32),
(227, 'https://media.rawg.io/media/games/7a2/7a2500ee8b2c0e1ff268bb4479463dea.jpg', 19710),
(228, 'https://media.rawg.io/media/screenshots/1f2/1f2851c47112ca8e1edf7c2c377632a9.jpg', 11973),
(229, 'https://media.rawg.io/media/screenshots/789/789266c236158a7926a6f11885229b18.jpg', 32),
(230, 'https://media.rawg.io/media/screenshots/cf5/cf50b7b3673456c8a8c3a4667e9b46c2.jpg', 19710),
(231, 'https://media.rawg.io/media/games/198/1988a337305e008b41d7f536ce9b73f6.jpg', 19709),
(232, 'https://media.rawg.io/media/screenshots/5c4/5c4ff4231f05290e15232162bbc05f1c.jpg', 32),
(233, 'https://media.rawg.io/media/screenshots/8e4/8e44bdded28ebe1a2e7ac876110cfdc6.jpg', 19710),
(234, 'https://media.rawg.io/media/games/ec3/ec3a7db7b8ab5a71aad622fe7c62632f.jpg', 11936),
(235, 'https://media.rawg.io/media/screenshots/04b/04b62b9115ccd64ebac1e8d813c69d08.jpg', 19709),
(236, 'https://media.rawg.io/media/screenshots/c8e/c8e394a105886f8fad697edda8203e24.jpg', 32),
(237, 'https://media.rawg.io/media/screenshots/5ed/5edb413d48035b3ab97a5ea5123f7b88.jpg', 19710),
(238, 'https://media.rawg.io/media/screenshots/8e7/8e7039ef354447c969a9fe82329ca50e.jpg', 11936),
(239, 'https://media.rawg.io/media/screenshots/278/278f1654ade9d116ca1bb42bb37d94ba.jpg', 19709),
(240, 'https://media.rawg.io/media/screenshots/421/4214168942f1ddb5475b2c270b0419d1.jpg', 19710),
(241, 'https://media.rawg.io/media/screenshots/0d0/0d0ff34c7bef12783cfe7c6dda7284b2.jpg', 11936),
(242, 'https://media.rawg.io/media/games/55e/55ee6432ac2bf224610fa17e4c652107.jpg', 13633),
(243, 'https://media.rawg.io/media/screenshots/0f2/0f2b40d5aa1eb776fdedcdb4d11aca8e.jpg', 19709),
(244, 'https://media.rawg.io/media/screenshots/653/6536627d155c339a2fd9a824fad78c84.jpg', 19710),
(245, 'https://media.rawg.io/media/screenshots/880/880379d04f089c128f51be511c882de1.jpg', 13633),
(246, 'https://media.rawg.io/media/screenshots/853/85349bbb51ad92fc351b61a89b6db19b.jpg', 11936),
(247, 'https://media.rawg.io/media/screenshots/895/895f1c364465b338e2d1b41b0b4eff67.jpg', 19709),
(248, 'https://media.rawg.io/media/screenshots/1fc/1fcc71ae3d931406dbc4b33e3446d457.jpg', 11936),
(249, 'https://media.rawg.io/media/screenshots/739/73928ce08a6a9a9480faf65bedf8611c.jpg', 13633),
(250, 'https://media.rawg.io/media/screenshots/016/01638fb0f73a6acde1714a107e078807.jpg', 19709),
(251, 'https://media.rawg.io/media/screenshots/ccc/cccc59229370b01ba6f5bad75702c713.jpg', 13633),
(252, 'https://media.rawg.io/media/screenshots/c11/c11d517937d7261e9d357709ca3c3cc0.jpg', 11936),
(253, 'https://media.rawg.io/media/screenshots/03e/03e69844696cb587c06fc058020a7255.jpg', 13633),
(254, 'https://media.rawg.io/media/games/91c/91c4f377c1e09755b60a0102c5252843.jpg', 422),
(255, 'https://media.rawg.io/media/screenshots/608/6087a2a1e66102d146021cf10fcb69bd.jpg', 13633),
(256, 'https://media.rawg.io/media/games/9fa/9fa63622543e5d4f6d99aa9d73b043de.jpg', 3612),
(257, 'https://media.rawg.io/media/screenshots/a2a/a2a207282454944eba73cbff6c82526e.jpg', 13633),
(258, 'https://media.rawg.io/media/screenshots/3af/3afd69426804e7162edbe03cd9f8d0f4.jpg', 422),
(259, 'https://media.rawg.io/media/screenshots/38b/38b9bb0de0a380434b78587e132b2e21.jpg', 3612),
(260, 'https://media.rawg.io/media/screenshots/48c/48c7e3e1268467b91b24c7da7c6539df.jpg', 422),
(261, 'https://media.rawg.io/media/games/16b/16b1b7b36e2042d1128d5a3e852b3b2f.jpg', 10035),
(262, 'https://media.rawg.io/media/screenshots/84b/84b447d4df99d42ffe479c7feb438171.jpg', 422),
(263, 'https://media.rawg.io/media/screenshots/ef6/ef6c0a92d08a99d2e405cac53c597d10.jpg', 10035),
(264, 'https://media.rawg.io/media/screenshots/e7a/e7a11a669aa609b9b3b0c7aeab2dc804.jpg', 3612),
(265, 'https://media.rawg.io/media/screenshots/de0/de053efd6104719567d23fb0dad58b92.jpg', 422),
(266, 'https://media.rawg.io/media/screenshots/fb3/fb3c23014fcb24a28fb94af0a009906c.jpg', 10035),
(267, 'https://media.rawg.io/media/screenshots/88b/88b907144995e57c45ee043c59dd6810.jpg', 3612),
(268, 'https://media.rawg.io/media/screenshots/490/4907be07a7771c8a7f0eb30c3a1fadc0.jpg', 422),
(269, 'https://media.rawg.io/media/screenshots/202/202293192d1b6245c8a1e252d9df604c.jpg', 10035),
(270, 'https://media.rawg.io/media/screenshots/53f/53fd44fd759bc571b1445898c50b418e.jpg', 3612),
(271, 'https://media.rawg.io/media/screenshots/485/485ce1d6c733357664be153777097af1.jpg', 422),
(272, 'https://media.rawg.io/media/screenshots/278/278bd63ee564982e816ec7fe802df420.jpg', 10035),
(273, 'https://media.rawg.io/media/screenshots/ddd/dddc7151559716c7c0dddb05874496da.jpg', 3612),
(274, 'https://media.rawg.io/media/screenshots/002/0021b0e5db6959989d90979abba68c8d.jpg', 10035),
(275, 'https://media.rawg.io/media/screenshots/b2a/b2a25c20510e3111a13d56a9751cadd7.jpg', 3612),
(276, 'https://media.rawg.io/media/screenshots/c8a/c8a537532ab8ce8750293a1fc41ee7f8.jpg', 10035),
(277, 'https://media.rawg.io/media/games/e46/e462e92b46e8df13e78a806191610d47.jpg', 4252),
(278, 'https://media.rawg.io/media/games/157/15742f2f67eacff546738e1ab5c19d20.jpg', 4427),
(279, 'https://media.rawg.io/media/games/d69/d69810315bd7e226ea2d21f9156af629.jpg', 4386),
(280, 'https://media.rawg.io/media/games/b45/b45575f34285f2c4479c9a5f719d972e.jpg', 7689),
(281, 'https://media.rawg.io/media/screenshots/38b/38bb5b035c811402248bbc19297d5183.jpg', 4252),
(282, 'https://media.rawg.io/media/screenshots/a13/a130b342c9830f9c56d65c204638fe17.jpg', 4427),
(283, 'https://media.rawg.io/media/screenshots/fbf/fbff1fe1f3cbe33dec8b2fc98bbad4a4.jpg', 7689),
(284, 'https://media.rawg.io/media/screenshots/f38/f38a519f1545ef5cda66676c155cc5b8.jpg', 4427),
(285, 'https://media.rawg.io/media/screenshots/ac0/ac00b015e9c51f52a24631c44676f81b.jpg', 4386),
(286, 'https://media.rawg.io/media/screenshots/4b6/4b6daf2d868abed65984f6ba308eb5f6.jpg', 4252),
(287, 'https://media.rawg.io/media/games/9dd/9ddabb34840ea9227556670606cf8ea3.jpg', 3790),
(288, 'https://media.rawg.io/media/screenshots/c18/c187789c40eea061a44c3fb497059c01.jpg', 7689),
(289, 'https://media.rawg.io/media/screenshots/996/996d1459d3f2ec1f03daba488d96c521.jpg', 4427),
(290, 'https://media.rawg.io/media/screenshots/4e8/4e8cb89dc1ac9b3a9b68ad34f1dbc744.jpg', 4386),
(291, 'https://media.rawg.io/media/screenshots/b07/b07d46f11697eb8ee5002d37d9ddc696.jpg', 4252),
(292, 'https://media.rawg.io/media/screenshots/83f/83ff600f8e2dd8507e7961d3e9f32126.jpg', 3790),
(293, 'https://media.rawg.io/media/screenshots/ddd/ddde2f1b028ded72097066b504db6f8b.jpg', 4252),
(294, 'https://media.rawg.io/media/screenshots/256/256472a369b9f52cfe0b8e85eb49ef19.jpg', 7689),
(295, 'https://media.rawg.io/media/screenshots/8da/8daab3b2c3d9e355f636e7d408a08315.jpg', 4427),
(296, 'https://media.rawg.io/media/screenshots/283/283c90039e31e07f99979ccb445cf7b7.jpg', 3790),
(297, 'https://media.rawg.io/media/screenshots/cc2/cc205478d728ad862c0e9da48df5db05.jpg', 4386),
(298, 'https://media.rawg.io/media/screenshots/a8b/a8b9fe7b7e04ff20405e40fb31cfe56e.jpg', 4252),
(299, 'https://media.rawg.io/media/screenshots/38a/38a67aab95a0a5f9fe1a40821a63f0c6.jpg', 7689),
(300, 'https://media.rawg.io/media/games/e04/e04963f3ac4c4fa83a1dc0b9231e50db.jpg', 3144),
(301, 'https://media.rawg.io/media/screenshots/6a4/6a4976a45c96960e72d05362375908e4.jpg', 4386),
(302, 'https://media.rawg.io/media/screenshots/f5c/f5c713b706c6b153b6a22ca1b08a1f5a.jpg', 4427),
(303, 'https://media.rawg.io/media/screenshots/03f/03f4171763bda5824da07fc087cec609.jpg', 3790),
(304, 'https://media.rawg.io/media/screenshots/b1e/b1e6c4d530035326da66fb85ae57519b.jpg', 3144),
(305, 'https://media.rawg.io/media/screenshots/a1f/a1f2d03a0d0f70f4aed355f6e138f2a4.jpg', 7689),
(306, 'https://media.rawg.io/media/screenshots/741/741957fcdece6895a653bf51786838e9.jpg', 4252),
(307, 'https://media.rawg.io/media/screenshots/e26/e26e0f29195d3682e6e9e9f5a74f6250.jpg', 4386),
(308, 'https://media.rawg.io/media/screenshots/b7c/b7c32275a6be8134744322f1204ce176.jpg', 4427),
(309, 'https://media.rawg.io/media/screenshots/37a/37acd5ef186c8e018cbd64751b21f064.jpg', 3790),
(310, 'https://media.rawg.io/media/screenshots/09f/09f743bc5acc26aba844b3a092cdcddf.jpg', 3144),
(311, 'https://media.rawg.io/media/screenshots/03d/03df750d5d64eb8bf0121e92e1f701e0.jpg', 7689),
(312, 'https://media.rawg.io/media/screenshots/215/215fbd506ac8c1a24cb2bf9b9a4d5b92.jpg', 4386),
(313, 'https://media.rawg.io/media/screenshots/242/2426226b9eb1a7de43b8bf01ecb2c291.jpg', 3790),
(314, 'https://media.rawg.io/media/screenshots/995/9951726156ed69933ec1eff9a65c0e60.jpg', 3144),
(315, 'https://media.rawg.io/media/screenshots/d06/d06d3baecb6da0ac9e53b40ade32d5f2.jpg', 3790),
(316, 'https://media.rawg.io/media/screenshots/db4/db4747c3913bd81e3e6754bb51a34838.jpg', 3144),
(317, 'https://media.rawg.io/media/screenshots/e1d/e1d4006f82564f0d654f2959042a3acc.jpg', 3144),
(318, 'https://media.rawg.io/media/screenshots/14c/14c8b551343374231fa07987e5a2d9e3.jpg', 3144),
(319, 'https://media.rawg.io/media/games/5c0/5c0dd63002cb23f804aab327d40ef119.jpg', 19487),
(320, 'https://media.rawg.io/media/games/c6b/c6bfece1daf8d06bc0a60632ac78e5bf.jpg', 4828),
(321, 'https://media.rawg.io/media/screenshots/153/153b36d06eaa5a3ff45cea30a572a169.jpg', 4828),
(322, 'https://media.rawg.io/media/screenshots/8d7/8d7d24df1418efdaba45128e2c855f62.jpg', 19487),
(323, 'https://media.rawg.io/media/games/ee3/ee3e10193aafc3230ba1cae426967d10.jpg', 17822),
(324, 'https://media.rawg.io/media/games/6fe/6fe41dc9d1782e7c216baa90b3306056.jpg', 3287),
(325, 'https://media.rawg.io/media/screenshots/3e8/3e8622a82c5c4fd1b7b33afa6e574fa3.jpg', 4828),
(326, 'https://media.rawg.io/media/screenshots/6dc/6dc151862452fba8dfb510ba7131cefd.jpg', 17822),
(327, 'https://media.rawg.io/media/screenshots/5ac/5ac6dd243c0ed41fb1a0b5734bff55f1.jpg', 19487),
(328, 'https://media.rawg.io/media/games/0ea/0ea05d4703f3af63a570471fbad79d40.jpg', 2462),
(329, 'https://media.rawg.io/media/screenshots/fd5/fd5451e27048c3e416de1737047e4684.jpg', 2462),
(330, 'https://media.rawg.io/media/screenshots/1ed/1ed7f33789fdb79dbe7ae346f7b24fdf.jpg', 3287),
(331, 'https://media.rawg.io/media/games/c24/c24ec439abf4a2e92f3429dfa83f7f94.jpg', 1447),
(332, 'https://media.rawg.io/media/screenshots/5c7/5c7f753ec6b9ca51eb477b016e1f6126.jpg', 17822),
(333, 'https://media.rawg.io/media/screenshots/63f/63f551c55bb44ec41dbcab6898cdd264.jpg', 2462),
(334, 'https://media.rawg.io/media/screenshots/c19/c19a4d55f1fa9661b32d43e110a5dbff.jpg', 3287),
(335, 'https://media.rawg.io/media/screenshots/ad2/ad2e4f73ac71839178ea01ab66d8bf6c.jpg', 19487),
(336, 'https://media.rawg.io/media/screenshots/d4c/d4ce2d053a78f5e05cea8c99be22b135.jpg', 1447),
(337, 'https://media.rawg.io/media/screenshots/30b/30bfd42d8bfe46301dbef56ba526b3ed.jpg', 2462),
(338, 'https://media.rawg.io/media/screenshots/b28/b28fd421d570931d83b27213538689df.jpg', 19487),
(339, 'https://media.rawg.io/media/screenshots/698/6983ac0ee603750b50212a0822a2cab7.jpg', 17822),
(340, 'https://media.rawg.io/media/screenshots/b87/b873d09e51115514cb1445a954dbca9e.jpg', 3287),
(341, 'https://media.rawg.io/media/screenshots/64e/64e0e5c81cdff075721b8455c34c350c.jpg', 4828),
(342, 'https://media.rawg.io/media/screenshots/515/515438994fe978193980d9b259ad7c50.jpg', 1447),
(343, 'https://media.rawg.io/media/screenshots/cbe/cbee51d83cafbe75224336859ddfc27e.jpg', 3287),
(344, 'https://media.rawg.io/media/screenshots/7c5/7c545f5c7ae02355e8b76ee3d28bd12a.jpg', 17822),
(345, 'https://media.rawg.io/media/screenshots/d1e/d1e49ff4902b1bc964262ffc2e08043d.jpg', 19487),
(346, 'https://media.rawg.io/media/screenshots/fd2/fd2ae2bc22f4fefeeb6f4b6f1587e128.jpg', 2462),
(347, 'https://media.rawg.io/media/screenshots/669/6693c7ffd9e40cc380ce2dc1c7b2d518.jpg', 4828),
(348, 'https://media.rawg.io/media/screenshots/0a0/0a0fd428643d0491c96bf29840d18d02.jpg', 1447),
(349, 'https://media.rawg.io/media/screenshots/02f/02f6cb8534d5434e94559cdcd35aeef7.jpg', 19487),
(350, 'https://media.rawg.io/media/screenshots/d2a/d2ab2d0f10e778c1a867c999515c3f9a.jpg', 3287),
(351, 'https://media.rawg.io/media/screenshots/5bf/5bf40b1e7d50240c867a0ca1540b7b07.jpg', 17822),
(352, 'https://media.rawg.io/media/screenshots/47e/47eaf455aded5fe47efc9a5a35dd90a0.jpg', 4828),
(353, 'https://media.rawg.io/media/screenshots/a31/a31228f42e1e5025cb35c2ab1b21bc98.jpg', 1447),
(354, 'https://media.rawg.io/media/screenshots/66c/66c2aecdd80e940ea7a2d64c17cff843.jpg', 2462),
(355, 'https://media.rawg.io/media/screenshots/172/172a4d61d4b6d3b77f19f5826de439f2.jpg', 3287),
(356, 'https://media.rawg.io/media/screenshots/39c/39c47322a4dad4f3ac87cc97557c9a2d.jpg', 17822),
(357, 'https://media.rawg.io/media/screenshots/2cf/2cffe85c573b796a8071785a4c4f8847.jpg', 4828),
(358, 'https://media.rawg.io/media/screenshots/89c/89c96f28e032d3434bab7b9247e01fe3.jpg', 2462),
(359, 'https://media.rawg.io/media/screenshots/f06/f066b272534017b7f33b09cca803bd18.jpg', 1447),
(360, 'https://media.rawg.io/media/screenshots/2ae/2ae9537fd36039072f8ce5f5da592b68.jpg', 1447),
(361, 'https://media.rawg.io/media/games/e2d/e2d3f396b16dded0f841c17c9799a882.jpg', 4514),
(362, 'https://media.rawg.io/media/screenshots/c08/c0823f02236f076a7a36ff5f3571558e.jpg', 4514),
(363, 'https://media.rawg.io/media/games/174/174fabfca02d5730531bab2153a7dfcb.jpg', 11935),
(364, 'https://media.rawg.io/media/screenshots/dee/dee71bfc43834357e15e1d35d2c507c8.jpg', 4514),
(365, 'https://media.rawg.io/media/screenshots/93b/93bc0cb7efc9ac841433dc7763b674bc.jpg', 11935),
(366, 'https://media.rawg.io/media/games/238/2383a172b4d50a7b44e07980eb7141ea.jpg', 13910),
(367, 'https://media.rawg.io/media/games/c80/c80bcf321da44d69b18a06c04d942662.jpg', 3696),
(368, 'https://media.rawg.io/media/screenshots/69f/69fdec37afd586f274316a69e92303f1.jpg', 4514),
(369, 'https://media.rawg.io/media/screenshots/23a/23af906d70f57be798bbd83da986c6db.jpg', 3696),
(370, 'https://media.rawg.io/media/screenshots/805/805471a778d484cdd5305b36f68ee1b6.jpg', 13910),
(371, 'https://media.rawg.io/media/screenshots/496/4966eb36d9048d222226fcd0ae8455ca.jpg', 11935),
(372, 'https://media.rawg.io/media/screenshots/4c0/4c0f154b51525e93ce8f2f18197c82ee.jpg', 4514),
(373, 'https://media.rawg.io/media/screenshots/b71/b716cf4d51be00d9561df3d1588383c4.jpg', 3696),
(374, 'https://media.rawg.io/media/screenshots/aaf/aaf0a14f690cd76f6844c651495b19b6.jpg', 11935),
(375, 'https://media.rawg.io/media/screenshots/3da/3dab13378be0dc687857c1899c2db3bd.jpg', 13910),
(376, 'https://media.rawg.io/media/screenshots/87b/87bf0f4ababb76a87b7ac82a282e44c6.jpg', 4514),
(377, 'https://media.rawg.io/media/screenshots/439/4395d5364559ca15ac8e1becb100daea.jpg', 3696),
(378, 'https://media.rawg.io/media/screenshots/1b9/1b9536d06fdc789caa3f839548178ba0.jpg', 13910),
(379, 'https://media.rawg.io/media/screenshots/246/2464d78ea26df75043b37361c0e181a8.jpg', 11935),
(380, 'https://media.rawg.io/media/screenshots/5e0/5e05bd7135d8e8d8dfb92eb7e3d57181.jpg', 4514),
(381, 'https://media.rawg.io/media/screenshots/69d/69d3c07e45fcbbe167235d7b3f09fc8b.jpg', 11935),
(382, 'https://media.rawg.io/media/screenshots/0de/0de321f22cd1f5a7d0fb6b471f63c2d8.jpg', 3696),
(383, 'https://media.rawg.io/media/screenshots/bca/bca4db9d97ced7c3a42b2c7a90d4d28c.jpg', 13910),
(384, 'https://media.rawg.io/media/games/1bb/1bb86c35ffa3eb0d299b01a7c65bf908.jpg', 416),
(385, 'https://media.rawg.io/media/screenshots/5a4/5a43d75d6517163772f492e2a5b278d6.jpg', 13910),
(386, 'https://media.rawg.io/media/games/f99/f9979698c43fd84c3ab69280576dd3af.jpg', 613),
(387, 'https://media.rawg.io/media/screenshots/900/900e962d31b5ace3fb66bfd388d352cf.jpg', 3696),
(388, 'https://media.rawg.io/media/screenshots/679/679c267107151f01696d3c8ea71ac650.jpg', 416),
(389, 'https://media.rawg.io/media/screenshots/a1d/a1d6bd9f3617e0787da4b0f8389fe1f0.jpg', 3696),
(390, 'https://media.rawg.io/media/screenshots/77f/77feafcf416de96e61d7a6461b8b29f7.jpg', 13910),
(391, 'https://media.rawg.io/media/screenshots/24c/24c8d0fb4059edb73e8ee2157a17b1c1.jpg', 613),
(392, 'https://media.rawg.io/media/screenshots/560/560610b498ef079e1f45ec83b039cbc7.jpg', 416),
(393, 'https://media.rawg.io/media/games/3cf/3cff89996570cf29a10eb9cd967dcf73.jpg', 4806),
(394, 'https://media.rawg.io/media/screenshots/2f1/2f18e80782d107945b11b6d02a16ab8d.jpg', 613),
(395, 'https://media.rawg.io/media/screenshots/c8c/c8cf7ea395e6aa2e46abee36d9d2d699.jpg', 416),
(396, 'https://media.rawg.io/media/screenshots/3e9/3e987ae85497ded8e4fea09634be9c0a.jpg', 4806),
(397, 'https://media.rawg.io/media/screenshots/7de/7ded4f413b6670b37b8047a0565b5a6c.jpg', 613),
(398, 'https://media.rawg.io/media/screenshots/191/191445072d9e85b6ad7ffed5152fc17a.jpg', 416),
(399, 'https://media.rawg.io/media/screenshots/be5/be56c7c5c5b0f10644213f99051525f4.jpg', 4806),
(400, 'https://media.rawg.io/media/games/ebd/ebdbb7eb52bd58b0e7fa4538d9757b60.jpg', 4570),
(401, 'https://media.rawg.io/media/screenshots/d36/d36f5867baf7af7506765702b9ff7c84.jpg', 613),
(402, 'https://media.rawg.io/media/screenshots/bfe/bfe3c652960e2b6869c608a58d69d327.jpg', 416),
(403, 'https://media.rawg.io/media/screenshots/83d/83db52cdc2646839d7f49bf21209e68c.jpg', 4570),
(404, 'https://media.rawg.io/media/screenshots/61c/61c0fb8a92ffdd64e9355202cbf1d3f2.jpg', 4806),
(405, 'https://media.rawg.io/media/screenshots/c0b/c0b36461930db0284a10635c9776daf7.jpg', 613),
(406, 'https://media.rawg.io/media/screenshots/74e/74e4acf3288e4aee46bdbc8b3c0981a5.jpg', 4570),
(407, 'https://media.rawg.io/media/screenshots/436/436134f55bd10cfd7a6fd1ded7487355.jpg', 416),
(408, 'https://media.rawg.io/media/screenshots/2aa/2aa8bf125cb9c7c20ee1d296a3c4a45e.jpg', 4806),
(409, 'https://media.rawg.io/media/screenshots/4c5/4c5996a474a68ae141a2fb9247a2cdac.jpg', 613),
(410, 'https://media.rawg.io/media/screenshots/90e/90ed4c6bb3c400ea3e825c47a09c41df.jpg', 4806),
(411, 'https://media.rawg.io/media/screenshots/4d2/4d2b8d60ae5b9e241a6ab65934709628.jpg', 4570),
(412, 'https://media.rawg.io/media/screenshots/824/824e85651ba98e8539ef39b205428e88.jpg', 4806),
(413, 'https://media.rawg.io/media/screenshots/80d/80dd9ee5711fcdaf374d07cf2a40a014.jpg', 4570),
(414, 'https://media.rawg.io/media/screenshots/03e/03e73f7b9da0c3bbfe1080434dc8db84.jpg', 4570),
(415, 'https://media.rawg.io/media/screenshots/552/55293d36d0de5c9adbd02b98031ca5d0.jpg', 4570),
(416, 'https://media.rawg.io/media/games/364/3642d850efb217c58feab80b8affaa89.jpg', 3636),
(417, 'https://media.rawg.io/media/screenshots/5a7/5a74e852355169e1767f3b59d5488829.jpeg', 3636),
(418, 'https://media.rawg.io/media/screenshots/a4b/a4b8e8d4d56d1889f76872da7364e406.jpeg', 3636),
(419, 'https://media.rawg.io/media/games/52a/52a335fcce958afb1841672fc63833ec.jpg', 362),
(420, 'https://media.rawg.io/media/screenshots/1ba/1babd5640e3eed7646b6f2834daab303.jpeg', 3636),
(421, 'https://media.rawg.io/media/screenshots/94a/94a1434ca101d9e0de78752df2f9c164.jpg', 362),
(422, 'https://media.rawg.io/media/screenshots/9ce/9ce9018611e2931782b87ef8b4bcd012.jpeg', 3636),
(423, 'https://media.rawg.io/media/games/15c/15c95a4915f88a3e89c821526afe05fc.jpg', 4161),
(424, 'https://media.rawg.io/media/games/d46/d46373f39458670305704ef089387520.jpg', 5583),
(425, 'https://media.rawg.io/media/screenshots/5c9/5c9c1f58a945bb06f5467587a9d6d0e4.jpeg', 3636),
(426, 'https://media.rawg.io/media/games/c71/c7155d90b66651bc1a33bd785b75294b.jpg', 4223),
(427, 'https://media.rawg.io/media/screenshots/238/2388ad0c8587adfe37c0a95eec893b67.jpg', 362),
(428, 'https://media.rawg.io/media/screenshots/98e/98e4c2a0c3e84b3d2718f8801bba0fcc.jpg', 4161),
(429, 'https://media.rawg.io/media/screenshots/1b9/1b935461ecbdaf9ce51a8d3f02d6848e.jpg', 5583),
(430, 'https://media.rawg.io/media/screenshots/6ea/6ea8e1f3d812f7218f9205c1dd658147.jpeg', 3636),
(431, 'https://media.rawg.io/media/screenshots/a28/a2893096ad373765032d165ab878e0aa.jpg', 4223),
(432, 'https://media.rawg.io/media/screenshots/87e/87e9ca5542b3e8da43d488c9252e20fe.jpg', 4161),
(433, 'https://media.rawg.io/media/screenshots/53c/53c2e650009d65f1a8587fbef7c44e89.jpg', 5583),
(434, 'https://media.rawg.io/media/screenshots/46f/46f57d204df589000ae2ebb6d567f3cb.jpg', 362),
(435, 'https://media.rawg.io/media/screenshots/401/401b179d16b0d0e5b79c82f7f5879dc3.jpg', 4223),
(436, 'https://media.rawg.io/media/screenshots/150/1500590c3239c6732ce00c42cac105ca.jpg', 362),
(437, 'https://media.rawg.io/media/screenshots/69b/69bf3d7eda87b1e9c382276e3b4fa987.jpg', 5583),
(438, 'https://media.rawg.io/media/screenshots/0a9/0a9ff8bbfa49024159bcd884ce7128c3.jpg', 4161),
(439, 'https://media.rawg.io/media/games/e7f/e7fcc77eea92636490e0a81117d021e2.jpg', 5525),
(440, 'https://media.rawg.io/media/screenshots/971/971d3582a42ede482b9d90b47b50ac32.jpg', 4161),
(441, 'https://media.rawg.io/media/screenshots/60c/60c7557e75c1cecdb153818ff01890fa.jpg', 362),
(442, 'https://media.rawg.io/media/screenshots/afa/afa84f35f75a9f9da1e6585491abb668.jpg', 4223),
(443, 'https://media.rawg.io/media/screenshots/2b5/2b5454013919650e315f6d2c249c4978.jpg', 5583),
(444, 'https://media.rawg.io/media/screenshots/ded/ded6b47a8903f3ff9903f2068f132942.jpg', 5525),
(445, 'https://media.rawg.io/media/screenshots/135/1350c3eef2f346d70717f462469a3178.jpg', 362),
(446, 'https://media.rawg.io/media/screenshots/174/174333d080f475d5718219ef6e01d3f4.jpg', 4161),
(447, 'https://media.rawg.io/media/screenshots/c40/c401710fe96692996a4091afdac694d8.jpg', 5583),
(448, 'https://media.rawg.io/media/screenshots/bc1/bc13923ae85e585057c7bf5b889ac510.jpg', 4223),
(449, 'https://media.rawg.io/media/screenshots/252/252def39bf9e2630a2c7eb6a736171eb.jpg', 5525),
(450, 'https://media.rawg.io/media/screenshots/03d/03dcdb4292bcc6ccc2719c88202f4965.jpg', 4161),
(451, 'https://media.rawg.io/media/games/0bd/0bd5646a3d8ee0ac3314bced91ea306d.jpg', 10243),
(452, 'https://media.rawg.io/media/screenshots/953/95390392a29c757bb5990b9f933aeb69.jpg', 4223),
(453, 'https://media.rawg.io/media/screenshots/3c4/3c44380232b0e07918d3a4d9647fc606.jpg', 5583),
(454, 'https://media.rawg.io/media/screenshots/092/092467f790f3f594bb3f0886df02d9d0.jpg', 5525),
(455, 'https://media.rawg.io/media/screenshots/260/260204d8d634ec55fdcc4050523d124f.jpg', 10243),
(456, 'https://media.rawg.io/media/screenshots/fe2/fe24187841ebbf89db288d1b3b6d8b25.jpg', 4223),
(457, 'https://media.rawg.io/media/screenshots/9bb/9bb08c6e8ae706f90c106c8a7de57644.jpg', 5525),
(458, 'https://media.rawg.io/media/screenshots/79d/79d118350fab8531cee4ab7df5ea267a.jpg', 10243),
(459, 'https://media.rawg.io/media/screenshots/d29/d298235806cffe6393aadf37ef6c0632.jpg', 5525),
(460, 'https://media.rawg.io/media/screenshots/f5f/f5ffdf62a5e5b78268e9e11d2ea64144.jpg', 10243),
(461, 'https://media.rawg.io/media/screenshots/a30/a3059c047b76d09c8dfa19ce5ed0c8cf.jpg', 5525),
(462, 'https://media.rawg.io/media/screenshots/7b0/7b071155a6b6482b063096f626643b63.jpg', 10243),
(463, 'https://media.rawg.io/media/games/6c5/6c55e22185876626881b76c11922b073.jpg', 18080),
(464, 'https://media.rawg.io/media/games/48c/48cb04ca483be865e3a83119c94e6097.jpg', 9721),
(465, 'https://media.rawg.io/media/screenshots/850/85019f1470023bb50671c8a1a4b6d7a7.jpg', 10243),
(466, 'https://media.rawg.io/media/screenshots/345/3458269ae8ea44a6b8c8268d39fe36a1.jpg', 18080),
(467, 'https://media.rawg.io/media/screenshots/cbf/cbf0e5c6fa2b8a8c653074b9258884df.jpg', 9721),
(468, 'https://media.rawg.io/media/screenshots/3b2/3b2793e4c18ff62f07dd5747b38f07fb.jpg', 10243),
(469, 'https://media.rawg.io/media/screenshots/3c5/3c55c835054009de798c0a9fa886ef8b.jpg', 18080),
(470, 'https://media.rawg.io/media/screenshots/01b/01b5cb2ad3f6fa69b70790094bfd3372.jpg', 9721),
(471, 'https://media.rawg.io/media/games/48e/48e63bbddeddbe9ba81942772b156664.jpg', 11934),
(472, 'https://media.rawg.io/media/screenshots/b31/b3141dbd80cd27a1d7b335e3b5956f89.jpg', 9721),
(473, 'https://media.rawg.io/media/screenshots/700/70005f6c84708d988a287d406cbb038c.jpg', 18080),
(474, 'https://media.rawg.io/media/screenshots/d8a/d8abe071b4628ee58cda844676959b18.jpg', 11934),
(475, 'https://media.rawg.io/media/screenshots/755/755a2b42257cf09c7f37e902dfa08400.jpg', 18080),
(476, 'https://media.rawg.io/media/screenshots/40b/40bcfff9760f368d158e92d05f4a0d9b.jpg', 9721),
(477, 'https://media.rawg.io/media/games/da1/da1b267764d77221f07a4386b6548e5a.jpg', 2551),
(478, 'https://media.rawg.io/media/games/d0f/d0f91fe1d92332147e5db74e207cfc7a.jpg', 10533),
(479, 'https://media.rawg.io/media/screenshots/f54/f54c9f442426f52afaf29d45ff8d7a2f.jpg', 11934),
(480, 'https://media.rawg.io/media/screenshots/d7c/d7c05cdfb30ec07147bcd0d3985ec54c.jpg', 2551),
(481, 'https://media.rawg.io/media/screenshots/921/9213ce16eba80f51b3562a3e5d322e02.jpg', 18080),
(482, 'https://media.rawg.io/media/screenshots/6eb/6ebc3896184e94ebe617d2cb224eee2a.jpg', 9721),
(483, 'https://media.rawg.io/media/screenshots/a5d/a5d0fcbe81728387c396d1643480c8b9.jpg', 10533),
(484, 'https://media.rawg.io/media/games/7ac/7aca7ccf0e70cd0974cb899ab9e5158e.jpg', 3747),
(485, 'https://media.rawg.io/media/screenshots/b49/b4961b17e0031e5819c0722343e97a12.jpg', 11934),
(486, 'https://media.rawg.io/media/screenshots/479/479cb74c874748ca70a3a14e79a0c232.jpg', 2551),
(487, 'https://media.rawg.io/media/screenshots/d09/d095258c73a70e6c5089b9af2c64b2f6.jpg', 3747),
(488, 'https://media.rawg.io/media/screenshots/756/7567039877f95cf47333503925c62aa2.jpg', 10533),
(489, 'https://media.rawg.io/media/screenshots/e68/e6800252d7fc63fcb794af70ec28c8fc.jpg', 9721),
(490, 'https://media.rawg.io/media/screenshots/948/948de39d02c1f08c8c98fa10e69e87af.jpg', 18080),
(491, 'https://media.rawg.io/media/screenshots/070/0703edc6d3db345a3acf19b4e6e43ebd.jpg', 2551),
(492, 'https://media.rawg.io/media/screenshots/58f/58f23befccb87ef5d8e9501658f8c8f2.jpg', 11934),
(493, 'https://media.rawg.io/media/screenshots/351/351157b8573878821cf3ac0ea00175ae.jpg', 3747),
(494, 'https://media.rawg.io/media/screenshots/4db/4dbb68a20d12cc5667a88430b3e47bdf.jpg', 10533),
(495, 'https://media.rawg.io/media/screenshots/e4f/e4feaf5b078949102e72780091eb12af.jpg', 2551),
(496, 'https://media.rawg.io/media/screenshots/69c/69ca8f86ffefe75f33388a48301a5228.jpg', 11934),
(497, 'https://media.rawg.io/media/screenshots/512/5129df7049bc270ba6381fc06f48ab75.jpg', 3747),
(498, 'https://media.rawg.io/media/screenshots/77a/77af4e7670499a9d637e4cb8a0312d09.jpg', 10533),
(499, 'https://media.rawg.io/media/screenshots/028/02863a140eea53c1f51fd790aca753aa.jpg', 2551),
(500, 'https://media.rawg.io/media/screenshots/f9f/f9fb16022e1ee4d892a80ce1086d21db.jpg', 3747),
(501, 'https://media.rawg.io/media/games/238/238ff9c62fcc94f152a7d4b612907c43.jpg', 3387),
(502, 'https://media.rawg.io/media/screenshots/c95/c958615c946d6c865bf697afdf7cd995.jpg', 10533),
(503, 'https://media.rawg.io/media/screenshots/75a/75a67f69575ebfc412a70cdde7fb8923.jpg', 3387),
(504, 'https://media.rawg.io/media/screenshots/a1f/a1fdda760d8aaadbc2adbf788e5a28f7.jpg', 3747),
(505, 'https://media.rawg.io/media/screenshots/8d2/8d2c0bb90867031f9265ef62c01445c5.jpg', 2551),
(506, 'https://media.rawg.io/media/screenshots/e87/e87093d3b9d8866c9b3d759ee5435f0c.jpg', 10533),
(507, 'https://media.rawg.io/media/screenshots/280/280b0e8492a247b718a3c14c41052a16.jpg', 3387),
(508, 'https://media.rawg.io/media/screenshots/05f/05f060b6adada26f48ec632562650883.jpg', 3747),
(509, 'https://media.rawg.io/media/games/a6c/a6ccd34125c594abf1a9c9821b9a715d.jpg', 4166),
(510, 'https://media.rawg.io/media/screenshots/d8e/d8e17e4899561a0a25e0728541b1cac9.jpg', 3387),
(511, 'https://media.rawg.io/media/screenshots/2c7/2c710533fe55e02facda408ce681640e.jpg', 4166),
(512, 'https://media.rawg.io/media/screenshots/48c/48cfa5b44c1a6787971889bc7646ca47.jpg', 3387),
(513, 'https://media.rawg.io/media/screenshots/f42/f42d116fcc691213ac11f651e231b214.jpg', 4166),
(514, 'https://media.rawg.io/media/screenshots/472/472f9b7dfb71ac5d6880e94dd1c1a77c.jpg', 3387),
(515, 'https://media.rawg.io/media/screenshots/5db/5db5afc10fa39739c96c05f455f5d253.jpg', 4166),
(516, 'https://media.rawg.io/media/games/9aa/9aa42d16d425fa6f179fc9dc2f763647.jpg', 58134),
(517, 'https://media.rawg.io/media/screenshots/c6d/c6de8c602de1cf1798353aa83a830948.jpg', 3387),
(518, 'https://media.rawg.io/media/screenshots/7af/7af44f9b67fe50d162d630f07ae6900b.jpg', 4166),
(519, 'https://media.rawg.io/media/screenshots/331/331ba5164c5c53a5d59aad3fe9771ac7.jpg', 58134),
(520, 'https://media.rawg.io/media/screenshots/67e/67e4fa3122553e5ad52b97d0efecf0e1.jpg', 4166),
(521, 'https://media.rawg.io/media/games/d1f/d1f872a48286b6b751670817d5c1e1be.jpg', 1010),
(522, 'https://media.rawg.io/media/screenshots/a15/a15b42bd8a652a3733c6ad419ebb24bd.jpg', 58134),
(523, 'https://media.rawg.io/media/screenshots/196/196268519e753a7d53fbee7040fde318.jpg', 4166),
(524, 'https://media.rawg.io/media/screenshots/150/150589c127b28f287f992c2bd426b443.jpg', 58134),
(525, 'https://media.rawg.io/media/screenshots/f0a/f0a310733a1dfb627cb644500bc93b92.jpg', 1010),
(526, 'https://media.rawg.io/media/screenshots/f52/f526988f895b554dccf68767557a8518.jpg', 58134),
(527, 'https://media.rawg.io/media/screenshots/bde/bde16c903e447143a15b033e243fcbc9.jpg', 1010),
(528, 'https://media.rawg.io/media/games/eaf/eaf4423c35322d6534b92c43858e5c7b.jpg', 3191),
(529, 'https://media.rawg.io/media/screenshots/745/74589db2dee21101d7af690976fca902.jpg', 58134),
(530, 'https://media.rawg.io/media/screenshots/ca7/ca7933771fe1efbdc7f97b9f301dc7d8.jpg', 3191);
INSERT INTO `jeuvideo_media` (`jvm_id`, `jvm_image`, `jeuvideo_id`) VALUES
(531, 'https://media.rawg.io/media/screenshots/fdb/fdb05fd470393914ba8e7fe0bddeb4c3.jpg', 1010),
(532, 'https://media.rawg.io/media/screenshots/090/09063845f2efe6d0b9bc908e2652c1e1.jpeg', 58134),
(533, 'https://media.rawg.io/media/games/530/5302dd22a190e664531236ca724e8726.jpg', 3543),
(534, 'https://media.rawg.io/media/screenshots/246/24670375d95895cf3e3b5de57f41900e.jpg', 3191),
(535, 'https://media.rawg.io/media/screenshots/e5a/e5af082ef1e00959cdf38f943dbbdc82.jpg', 1010),
(536, 'https://media.rawg.io/media/screenshots/ee9/ee9f6de36d4b0bdaf43bd10a2ec56f4a.jpg', 3543),
(537, 'https://media.rawg.io/media/screenshots/fb6/fb67103d3b044e202a96b2e08853861f.jpg', 3191),
(538, 'https://media.rawg.io/media/screenshots/7dd/7ddfa5a4ca3c9f9017db1924272a0c89.jpg', 1010),
(539, 'https://media.rawg.io/media/screenshots/6bd/6bd501390fb4e78141838c07a1a3580e.jpg', 3543),
(540, 'https://media.rawg.io/media/screenshots/261/26141dec80cd1933390597e3a4eac780.jpg', 3191),
(541, 'https://media.rawg.io/media/screenshots/725/725cc23324af2629f046ec82aa6e2ca0.jpg', 1010),
(542, 'https://media.rawg.io/media/screenshots/d8d/d8da5b7bae3c8084d30745ba6e17f1ef.jpg', 3191),
(543, 'https://media.rawg.io/media/screenshots/99b/99b2d12cf0c1d4a2492f632465c4cf71.jpg', 3543),
(544, 'https://media.rawg.io/media/screenshots/793/7939b2e64a9520894c51696c2eed1c34.jpg', 3191),
(545, 'https://media.rawg.io/media/screenshots/579/5792b69c652c9b210122a686e9dd59e1.jpg', 3543),
(546, 'https://media.rawg.io/media/games/b6b/b6b20bfc4b34e312dbc8aac53c95a348.jpg', 18240),
(547, 'https://media.rawg.io/media/screenshots/706/7063852169f86cd4e70440de419353e8.jpg', 3543),
(548, 'https://media.rawg.io/media/screenshots/14d/14dcdb86ae346a69022ab5837016fdc1.jpg', 18240),
(549, 'https://media.rawg.io/media/screenshots/01c/01c6128a0c81ed34efd4433abea32a18.jpg', 3543),
(550, 'https://media.rawg.io/media/screenshots/5e7/5e71a4ccee940eb51a6110535f79d4ed.jpg', 18240),
(551, 'https://media.rawg.io/media/screenshots/709/70954b4dac5e2a4966293ce0c7dbc6c4.jpg', 18240),
(552, 'https://media.rawg.io/media/screenshots/08f/08fd4301c46d14aed67c9d7f98b12ec0.jpg', 18240),
(553, 'https://media.rawg.io/media/screenshots/5bd/5bd04279767fc7febc37e460da236b28.jpg', 18240),
(554, 'https://media.rawg.io/media/screenshots/900/900738abfbca21ada3170e5f9dc7a333.jpg', 18240),
(555, 'https://media.rawg.io/media/screenshots/d76/d76ec02d681a20848ae78adce6324701.jpg', 343607),
(556, 'https://media.rawg.io/media/games/8d4/8d46786ca86b1d95f3dc7e700e2dc4dd.jpg', 4502),
(557, 'https://media.rawg.io/media/games/a3c/a3c529a12c896c0ef02db5b4741de2ba.jpg', 4513),
(558, 'https://media.rawg.io/media/screenshots/5f8/5f81dd045727d7d3df37434051f3e58d.jpg', 4502),
(559, 'https://media.rawg.io/media/screenshots/1f1/1f11a82f7d52bea3b118d152fb0bf358.jpg', 343607),
(560, 'https://media.rawg.io/media/screenshots/34a/34a30f4a5a6f0e5c340d3c14456b8fcf.jpg', 4513),
(561, 'https://media.rawg.io/media/games/27b/27b02ffaab6b250cc31bf43baca1fc34.jpg', 4003),
(562, 'https://media.rawg.io/media/screenshots/b1b/b1bb85f25c442b4e56f8a4012b72f8a4.jpg', 343607),
(563, 'https://media.rawg.io/media/games/dd5/dd50d4266915d56dd5b63ae1bf72606a.jpg', 9882),
(564, 'https://media.rawg.io/media/screenshots/75e/75e92dea166ed012b13c0f6d21fc8e74.jpg', 4502),
(565, 'https://media.rawg.io/media/screenshots/239/239b8ea092f580063a3063837a5d66db.jpg', 4003),
(566, 'https://media.rawg.io/media/screenshots/118/11867f9fe44372fb65beb2f2e15ae030.jpg', 4513),
(567, 'https://media.rawg.io/media/screenshots/9c4/9c4cdf7b06094566881d343c286d8d30.jpg', 9882),
(568, 'https://media.rawg.io/media/screenshots/16d/16d0b3e1e5e24ce5ba5ca69a189b4947.jpg', 343607),
(569, 'https://media.rawg.io/media/screenshots/3a3/3a34ca7c5188dbd90cef896a2161cf96.jpg', 4003),
(570, 'https://media.rawg.io/media/games/849/849414b978db37d4563ff9e4b0d3a787.jpg', 3841),
(571, 'https://media.rawg.io/media/screenshots/5c1/5c144b4d26fe4c41bb35aa3878498b4f.jpg', 4513),
(572, 'https://media.rawg.io/media/screenshots/a12/a12169b5688d52e883c01357ab54498b.jpg', 4502),
(573, 'https://media.rawg.io/media/screenshots/33e/33ef93d155298edf4045540529b30eb3.jpg', 9882),
(574, 'https://media.rawg.io/media/screenshots/46d/46de97777c05efb26597b215735dcd84.jpg', 3841),
(575, 'https://media.rawg.io/media/screenshots/9fa/9faeab945a11f1bce3015fdd5b290a20.jpg', 343607),
(576, 'https://media.rawg.io/media/screenshots/eed/eed60d9303c5601cfc84e2784abf8191.jpg', 4003),
(577, 'https://media.rawg.io/media/screenshots/39d/39d23cd38d9f6f9f45bf473c5ec4f49d.jpg', 4513),
(578, 'https://media.rawg.io/media/screenshots/f45/f45af019f64f15d1ede88066288f131e.jpg', 4502),
(579, 'https://media.rawg.io/media/screenshots/ec1/ec16f928fe34c2cb4fce9b0a083ea15f.jpg', 343607),
(580, 'https://media.rawg.io/media/screenshots/6fc/6fc98ed27cea1282bdfef2fd0cbddf91.jpg', 4003),
(581, 'https://media.rawg.io/media/screenshots/340/3409a9ab93c4c69873909f62e4ab6519.jpg', 9882),
(582, 'https://media.rawg.io/media/screenshots/162/162503bb903edd7cfddf2a49ecdf5b7d.jpg', 3841),
(583, 'https://media.rawg.io/media/screenshots/dde/ddef23e3e0f22bc174b757cf69cc5816.jpg', 4513),
(584, 'https://media.rawg.io/media/screenshots/df5/df58cef5989e5f6ad3ae9a65694e45c3.jpg', 4502),
(585, 'https://media.rawg.io/media/screenshots/d76/d76ec02d681a20848ae78adce6324701.jpg', 343607),
(586, 'https://media.rawg.io/media/screenshots/966/96667e75197bc34897a4d56461f00807.jpg', 4003),
(587, 'https://media.rawg.io/media/screenshots/9ad/9ad8aa17d3f2be9545273f895e481280.jpg', 3841),
(588, 'https://media.rawg.io/media/screenshots/c70/c707c04d79f5e0441dac2eb7b85554fb.jpg', 9882),
(589, 'https://media.rawg.io/media/screenshots/514/514908623cd01610f3e361887102e549.jpg', 4513),
(590, 'https://media.rawg.io/media/screenshots/1f2/1f2f13dd3ab8dee76853c78958a729a2.jpg', 4502),
(591, 'https://media.rawg.io/media/screenshots/450/450a36fe9279d2369e472bfe984a1e37.jpg', 4003),
(592, 'https://media.rawg.io/media/screenshots/78c/78c0b0a90a4c5d18ac36dbc2623f12e4.jpg', 9882),
(593, 'https://media.rawg.io/media/screenshots/b02/b02b168d04889304aac23e47f5314721.jpg', 3841),
(594, 'https://media.rawg.io/media/screenshots/ad8/ad8439bc9ed7d2f88deb836c9cff23d2.jpg', 3841),
(595, 'https://media.rawg.io/media/screenshots/dc5/dc5965a2a6b94d8d129492287f7206c7.jpg', 9882),
(596, 'https://media.rawg.io/media/screenshots/398/398abeb965880c1c3310a6a4ad9c71b8.jpg', 3841),
(597, 'https://media.rawg.io/media/games/278/2783e31b00d7b87905e5346a1df1ccfb.jpg', 39),
(598, 'https://media.rawg.io/media/games/c98/c9839e65d2debbcbc7e0f9f76920bab8.jpg', 3017),
(599, 'https://media.rawg.io/media/games/14a/14a83c56ff668baaced6e8c8704b6391.jpg', 13554),
(600, 'https://media.rawg.io/media/screenshots/9c6/9c673f6c2437854b3112868e986aba8c.jpg', 39),
(601, 'https://media.rawg.io/media/screenshots/0dd/0dd5106115ca80c3af4f4901b25a2b47.jpg', 3017),
(602, 'https://media.rawg.io/media/screenshots/fd5/fd547ecaf4ce93b6b92b7e3d6d45003c.jpg', 13554),
(603, 'https://media.rawg.io/media/screenshots/3d7/3d7b9ac75113f6fb3e3ceffbfae03483.jpg', 39),
(604, 'https://media.rawg.io/media/screenshots/730/730734e8a25cbd4e61ba7e1491edd98b.jpg', 13554),
(605, 'https://media.rawg.io/media/screenshots/777/77712cd02b54765cd0c5e4f7d054e150.jpg', 3017),
(606, 'https://media.rawg.io/media/screenshots/c97/c97b943741f5fbc936fe054d9d58851d.jpg', 3853),
(607, 'https://media.rawg.io/media/games/6a2/6a2e48933245e2cd3c92248c75c925e1.jpg', 2792),
(608, 'https://media.rawg.io/media/games/13a/13a528ac9cf48bbb6be5d35fe029336d.jpg', 430),
(609, 'https://media.rawg.io/media/screenshots/dfd/dfd73edec49df98ca9cd6736eeba1049.jpg', 430),
(610, 'https://media.rawg.io/media/screenshots/c0c/c0ca4b435c59c3af12b270d03ca565a5.jpg', 39),
(611, 'https://media.rawg.io/media/screenshots/f49/f4994fea6a84b578a92abd51b20da5f9.jpg', 2792),
(612, 'https://media.rawg.io/media/screenshots/39e/39ea98f90b3eec8ef95d47c821dea1f0.jpg', 13554),
(613, 'https://media.rawg.io/media/screenshots/41b/41bab662e69407ebdea4f9c2620ea964.jpg', 430),
(614, 'https://media.rawg.io/media/screenshots/53f/53fa1f6c3c22cbf8b634562bc64bc5da.jpg', 3853),
(615, 'https://media.rawg.io/media/screenshots/ce6/ce6e57483d44cee91d1962d7775b8e0d.jpg', 3017),
(616, 'https://media.rawg.io/media/screenshots/efa/efae873b6df0b9371b5bbf5f7dfe3ee7.jpg', 39),
(617, 'https://media.rawg.io/media/screenshots/b2f/b2f0f53e5fdeb1c2da275a24a1f86baa.jpg', 2792),
(618, 'https://media.rawg.io/media/screenshots/866/8669e298a904fce58ba84ab0a9205c01.jpg', 430),
(619, 'https://media.rawg.io/media/screenshots/23f/23ffe371d0207e84938eb0c9e9943cb5.jpg', 13554),
(620, 'https://media.rawg.io/media/screenshots/4ba/4baf33e8e47e6750b85942f49d21c427.jpg', 39),
(621, 'https://media.rawg.io/media/screenshots/dc4/dc419a4605ff9a1b227c50a74838e3ac.jpg', 3017),
(622, 'https://media.rawg.io/media/screenshots/3d7/3d7e3c5d3ffc76f9f1b9c838b1f76f80.jpg', 3853),
(623, 'https://media.rawg.io/media/screenshots/3c5/3c55efc4e3b008840dd2747fd8abbd72.jpg', 2792),
(624, 'https://media.rawg.io/media/screenshots/5b1/5b1855e5692c14ab600f45817d8b9331.jpg', 3853),
(625, 'https://media.rawg.io/media/screenshots/b3e/b3e3f695d8d55acdc23904082edd42d6.jpg', 39),
(626, 'https://media.rawg.io/media/screenshots/fb4/fb4d219d7b3debb818e2b2720eb40a6f.jpg', 13554),
(627, 'https://media.rawg.io/media/screenshots/579/57946b3f520595bf96c77e9c36ea5a9a.jpg', 430),
(628, 'https://media.rawg.io/media/screenshots/59e/59e389b494a7cbd1ab5f23a3bf243f67.jpg', 3017),
(629, 'https://media.rawg.io/media/screenshots/e69/e695b7a3e93ac142d6f7a6c142f4dfad.jpg', 2792),
(630, 'https://media.rawg.io/media/screenshots/bd0/bd0b533f3e3de4f1ea3e1a059d26ba1f.jpg', 3017),
(631, 'https://media.rawg.io/media/screenshots/8d8/8d84dcd621ea9cc54ffec9ab6040f799.jpg', 430),
(632, 'https://media.rawg.io/media/screenshots/b10/b105738e3208e8ca17707576acf36100.jpg', 3853),
(633, 'https://media.rawg.io/media/screenshots/180/180adcc8a7f742978ecde0bb4b6c32dd.jpg', 13554),
(634, 'https://media.rawg.io/media/screenshots/fe5/fe54e15f23a2f9cffa9a8d113de874db.jpg', 2792),
(635, 'https://media.rawg.io/media/screenshots/bd2/bd2b4586b6acabf7ee39400d3ad5fa66.jpg', 430),
(636, 'https://media.rawg.io/media/screenshots/f64/f64412d0dcbbd50aabcc7f5ee6c66fa7.jpg', 3853),
(637, 'https://media.rawg.io/media/screenshots/16c/16cae54a4aff2bc41a4a90221e00309f.jpg', 2792),
(638, 'https://media.rawg.io/media/screenshots/0ba/0ba9b6a2d5aa4247850c028fb2c85107.jpg', 3853),
(639, 'https://media.rawg.io/media/games/9c4/9c47f320eb73c9a02d462e12f6206b26.jpg', 19301),
(640, 'https://media.rawg.io/media/screenshots/208/2087d6a9a20434bf4a28313b6ce09917.jpg', 19301),
(641, 'https://media.rawg.io/media/games/4ba/4ba9b4b68ffcc7019b112174883ba4d6.jpg', 10754),
(642, 'https://media.rawg.io/media/games/5bf/5bf88a28de96321c86561a65ee48e6c2.jpg', 4280),
(643, 'https://media.rawg.io/media/screenshots/05b/05b7b6970c42861b24c97a829135f685.jpg', 4280),
(644, 'https://media.rawg.io/media/screenshots/c70/c709280e11aabec614d0aafb5779114a.jpg', 10754),
(645, 'https://media.rawg.io/media/screenshots/58a/58a8a824744a5fe1c84e53ca9135f7ce.jpg', 19301),
(646, 'https://media.rawg.io/media/screenshots/414/41463563e721aa62c605cd0bf8350af3.jpg', 10754),
(647, 'https://media.rawg.io/media/screenshots/770/7706c93f23fef77b8e500eb7ee06eee9.jpg', 4280),
(648, 'https://media.rawg.io/media/screenshots/8a8/8a8b23c4b62065c093f288e70ee9d9f2.jpg', 19301),
(649, 'https://media.rawg.io/media/screenshots/76d/76d11a76541bcfa63de3ef8fe5a5a668.jpg', 10754),
(650, 'https://media.rawg.io/media/screenshots/898/89879b7064e612c95bf976d6abc2fa0c.jpg', 4280),
(651, 'https://media.rawg.io/media/games/aa3/aa36ba4b486a03ddfaef274fb4f5afd4.jpg', 108),
(652, 'https://media.rawg.io/media/screenshots/b3c/b3c5cf63e4558bb98b85eba830b90215.jpg', 19301),
(653, 'https://media.rawg.io/media/screenshots/25a/25ac07efdbf90a2d7e626353ebadc565.jpg', 10754),
(654, 'https://media.rawg.io/media/screenshots/24f/24f3c80cfad97fe119a317dd7f1b3ffb.jpg', 4280),
(655, 'https://media.rawg.io/media/screenshots/446/44613a8909c81372bab11ed2f19ca0e8.jpg', 108),
(656, 'https://media.rawg.io/media/screenshots/0f6/0f69943b1d81710ba2fdcac27d248ca9.jpg', 10754),
(657, 'https://media.rawg.io/media/screenshots/a88/a8877e5cae44ef1ac8b36eeefce2ca34.jpg', 19301),
(658, 'https://media.rawg.io/media/screenshots/961/96136b0c8c45e4a9df2d2482fb862a8e.jpg', 4280),
(659, 'https://media.rawg.io/media/screenshots/53f/53f3f083f075e4ee20176ec6139495ca.jpg', 108),
(660, 'https://media.rawg.io/media/games/c89/c89ca70716080733d03724277df2c6c7.jpg', 2361),
(661, 'https://media.rawg.io/media/screenshots/565/56570a92d4c85576f9ff1382c75c5ac4.jpg', 19301),
(662, 'https://media.rawg.io/media/screenshots/53a/53a90ec4b5ea59a217fd4cc075b877ad.jpg', 4280),
(663, 'https://media.rawg.io/media/games/4cb/4cb855e8ef1578415a928e53c9f51867.png', 3740),
(664, 'https://media.rawg.io/media/screenshots/949/949d5ef2043538d263fc8eabaa4e4f62.jpg', 108),
(665, 'https://media.rawg.io/media/screenshots/2de/2dea22a973d765a5383940307b368268.jpg', 2361),
(666, 'https://media.rawg.io/media/screenshots/f08/f083ed9be5ed890834ef0815f001d577.jpg', 3740),
(667, 'https://media.rawg.io/media/screenshots/cac/cac440239e1c42c69f4dd3d69b97a0b4.jpg', 108),
(668, 'https://media.rawg.io/media/screenshots/310/3103cb1e58a5d6bba1c356d8d1570920.jpg', 2361),
(669, 'https://media.rawg.io/media/screenshots/533/533d3b571a1699ab1c275a2a99181ff2.jpg', 108),
(670, 'https://media.rawg.io/media/screenshots/88c/88cb946b60c3d5d884607e38f20272b7.jpg', 3740),
(671, 'https://media.rawg.io/media/screenshots/9c0/9c03e9baa71db649d849660067d07979.jpg', 2361),
(672, 'https://media.rawg.io/media/screenshots/f2f/f2f3c93d6153da7aee590f3ab8ccd803.jpg', 11435),
(673, 'https://media.rawg.io/media/screenshots/abf/abf6ece1162a4776d043ef3eb90dec80.jpg', 3740),
(674, 'https://media.rawg.io/media/screenshots/138/1388b5d9f91dbe27823f3be2cee11105.jpg', 108),
(675, 'https://media.rawg.io/media/screenshots/f9a/f9a391f3d4a496195a5cbce41421fb03.jpg', 2361),
(676, 'https://media.rawg.io/media/screenshots/181/181bba9474b13903a4f15cdca305e57e.jpg', 11435),
(677, 'https://media.rawg.io/media/screenshots/e0c/e0cdab50bf9d971c3151324afdd3898c.jpg', 3740),
(678, 'https://media.rawg.io/media/screenshots/897/897ad883ed085ec7269fb0d235e41625.jpg', 2361),
(679, 'https://media.rawg.io/media/screenshots/6a7/6a73b800a67bc595adeaeed2ca62f6e6.jpg', 11435),
(680, 'https://media.rawg.io/media/screenshots/e47/e47af843e11dd4640d55fe099f6acf15.jpg', 3740),
(681, 'https://media.rawg.io/media/screenshots/224/224f218780ffdeeb1cec7062b8c61b41.jpg', 2361),
(682, 'https://media.rawg.io/media/screenshots/681/6817ea54c56ea5e51822abdc65d8089c.jpg', 11435),
(683, 'https://media.rawg.io/media/screenshots/d8d/d8d35af224bd8a95f01403da03030d57.jpg', 11435),
(684, 'https://media.rawg.io/media/screenshots/f49/f49f3b47f9fff5ca5643d64ef81a4dbb.jpg', 3740),
(685, 'https://media.rawg.io/media/screenshots/654/6547ebbac9c7b971c914d26f54ca6594.jpg', 11435),
(686, 'https://media.rawg.io/media/screenshots/8b0/8b011fbc533d8ffd6419880e491d4d38.jpg', 11435),
(687, 'https://media.rawg.io/media/screenshots/eb4/eb4870641a99b48f95fb21343531f7e6.jpg', 17576),
(688, 'https://media.rawg.io/media/screenshots/7f0/7f06dde491c2e2e7a89d9375f016e0b1.jpg', 17576),
(689, 'https://media.rawg.io/media/screenshots/00f/00f1b94e6bee4ca226902ec724ef6cb6.jpg', 17576),
(690, 'https://media.rawg.io/media/screenshots/794/79445f5a4e6f145be0a9e8bfb8fe5c03.jpg', 17576),
(691, 'https://media.rawg.io/media/screenshots/700/700c6a91d1ea98e7ca3f53e44d6000f0.jpg', 17576),
(692, 'https://media.rawg.io/media/screenshots/590/5908186c284c2d02700064a968546d64.jpg', 17576),
(693, 'https://media.rawg.io/media/screenshots/712/712aef3ca77ad875dbaf058d0e5949b4.jpg', 17576);

-- --------------------------------------------------------

--
-- Structure de la table `jeuvideo_plateforme`
--

CREATE TABLE `jeuvideo_plateforme` (
  `jvp_id` int(11) NOT NULL,
  `jeuvideo_id` int(11) NOT NULL,
  `plateforme_id` int(11) NOT NULL
) ENGINE=InnoDB DEFAULT CHARSET=utf8mb4;

--
-- Déchargement des données de la table `jeuvideo_plateforme`
--

INSERT INTO `jeuvideo_plateforme` (`jvp_id`, `jeuvideo_id`, `plateforme_id`) VALUES
(1, 4200, 16),
(2, 3498, 4),
(3, 802, 4),
(4, 5679, 4),
(5, 4200, 14),
(6, 3498, 18),
(7, 3328, 4),
(8, 12020, 4),
(9, 5679, 16),
(10, 802, 16),
(11, 3498, 16),
(12, 4200, 4),
(13, 5679, 14),
(14, 12020, 14),
(15, 802, 14),
(16, 3328, 1),
(17, 3498, 14),
(18, 802, 18),
(19, 3328, 7),
(20, 5679, 7),
(21, 4200, 6),
(22, 3498, 1),
(23, 4200, 5),
(24, 3328, 18),
(25, 802, 5),
(26, 802, 1),
(27, 3439, 3),
(28, 13536, 21),
(29, 3439, 21),
(30, 13536, 5),
(31, 4291, 4),
(32, 4062, 4),
(33, 1030, 4),
(34, 13536, 4),
(35, 4291, 14),
(36, 3439, 14),
(37, 5286, 4),
(38, 4062, 6),
(39, 1030, 3),
(40, 3439, 6),
(41, 5286, 16),
(42, 4291, 16),
(43, 13536, 6),
(44, 4062, 16),
(45, 1030, 6),
(46, 3439, 1),
(47, 4062, 18),
(48, 5286, 14),
(49, 13536, 16),
(50, 1030, 5),
(51, 4062, 14),
(52, 3439, 18),
(53, 5286, 18),
(54, 13536, 14),
(55, 1030, 21),
(56, 4062, 1),
(57, 3439, 4),
(58, 5286, 1),
(59, 1030, 1),
(60, 5286, 5),
(61, 3439, 5),
(62, 1030, 14),
(63, 3439, 16),
(64, 1030, 16),
(65, 1030, 18),
(66, 1030, 7),
(67, 1030, 19),
(68, 13537, 21),
(69, 13537, 6),
(70, 13537, 80),
(71, 11859, 4),
(72, 4286, 4),
(73, 13537, 5),
(74, 11859, 6),
(75, 4286, 14),
(76, 13537, 4),
(77, 11859, 5),
(78, 3939, 4),
(79, 13537, 14),
(80, 10213, 6),
(81, 3939, 6),
(82, 10213, 4),
(83, 3939, 1),
(84, 10213, 5),
(85, 4459, 4),
(86, 4459, 16),
(87, 4459, 14),
(88, 3070, 4),
(89, 2454, 4),
(90, 2454, 7),
(91, 3070, 1),
(92, 2454, 18),
(93, 3070, 18),
(94, 2454, 1),
(95, 19103, 4),
(96, 3272, 5),
(97, 766, 4),
(98, 29028, 4),
(99, 3192, 4),
(100, 58175, 18),
(101, 19103, 6),
(102, 29028, 14),
(103, 766, 7),
(104, 3272, 6),
(105, 3192, 1),
(106, 19103, 5),
(107, 3192, 14),
(108, 3272, 4),
(109, 766, 1),
(110, 3192, 16),
(111, 3272, 18),
(112, 766, 18),
(113, 3272, 1),
(114, 3192, 18),
(115, 3272, 7),
(116, 16944, 4),
(117, 28, 4),
(118, 28, 1),
(119, 16944, 14),
(120, 28, 18),
(121, 4332, 4),
(122, 4332, 16),
(123, 11973, 6),
(124, 4332, 14),
(125, 11973, 4),
(126, 278, 18),
(127, 13668, 4),
(128, 11973, 5),
(129, 13668, 6),
(130, 11973, 16),
(131, 13668, 5),
(132, 11973, 14),
(133, 11973, 18),
(134, 11973, 1),
(135, 32, 4),
(136, 19710, 4),
(137, 32, 1),
(138, 19710, 5),
(139, 32, 18),
(140, 422, 21),
(141, 19710, 21),
(142, 422, 7),
(143, 19709, 4),
(144, 19709, 21),
(145, 422, 6),
(146, 19710, 14),
(147, 422, 5),
(148, 19710, 6),
(149, 19709, 5),
(150, 422, 3),
(151, 11936, 4),
(152, 19709, 14),
(153, 11936, 5),
(154, 19709, 6),
(155, 422, 14),
(156, 11936, 6),
(157, 422, 19),
(158, 13633, 6),
(159, 13633, 5),
(160, 422, 18),
(161, 13633, 4),
(162, 422, 1),
(163, 3612, 6),
(164, 422, 10),
(165, 3612, 4),
(166, 422, 8),
(167, 10035, 6),
(168, 3612, 19),
(169, 422, 16),
(170, 10035, 5),
(171, 3612, 18),
(172, 422, 4),
(173, 10035, 4),
(174, 3612, 1),
(175, 10035, 1),
(176, 10035, 18),
(177, 3144, 4),
(178, 3790, 6),
(179, 4252, 4),
(180, 4427, 4),
(181, 4386, 4),
(182, 7689, 4),
(183, 3144, 6),
(184, 4427, 16),
(185, 4252, 16),
(186, 4386, 6),
(187, 3790, 4),
(188, 3144, 21),
(189, 7689, 1),
(190, 4386, 16),
(191, 4427, 14),
(192, 4252, 14),
(193, 7689, 18),
(194, 3144, 5),
(195, 3790, 5),
(196, 4427, 5),
(197, 4386, 14),
(198, 3790, 7),
(199, 7689, 5),
(200, 3144, 14),
(201, 3144, 171),
(202, 3790, 1),
(203, 3790, 18),
(204, 3144, 10),
(205, 3144, 18),
(206, 3144, 19),
(207, 3144, 7),
(208, 4828, 4),
(209, 19487, 4),
(210, 4828, 16),
(211, 3287, 4),
(212, 17822, 4),
(213, 19487, 14),
(214, 4828, 14),
(215, 3287, 1),
(216, 1447, 6),
(217, 17822, 5),
(218, 3287, 18),
(219, 1447, 4),
(220, 1447, 18),
(221, 2462, 18),
(222, 1447, 1),
(223, 1447, 5),
(224, 4514, 4),
(225, 4514, 7),
(226, 13910, 4),
(227, 3696, 4),
(228, 4514, 18),
(229, 13910, 5),
(230, 11935, 4),
(231, 3696, 16),
(232, 416, 4),
(233, 4514, 14),
(234, 13910, 16),
(235, 613, 4),
(236, 13910, 14),
(237, 11935, 6),
(238, 416, 3),
(239, 3696, 14),
(240, 613, 3),
(241, 3696, 18),
(242, 13910, 21),
(243, 11935, 5),
(244, 416, 5),
(245, 13910, 3),
(246, 3696, 1),
(247, 613, 1),
(248, 416, 21),
(249, 613, 5),
(250, 416, 16),
(251, 613, 14),
(252, 416, 14),
(253, 613, 7),
(254, 416, 15),
(255, 613, 19),
(256, 416, 80),
(257, 613, 18),
(258, 4806, 4),
(259, 4806, 16),
(260, 4570, 4),
(261, 4806, 14),
(262, 4570, 16),
(263, 4570, 14),
(264, 3636, 18),
(265, 4161, 4),
(266, 362, 4),
(267, 4223, 4),
(268, 5583, 4),
(269, 5525, 5),
(270, 4161, 16),
(271, 4223, 5),
(272, 362, 1),
(273, 5525, 3),
(274, 5583, 5),
(275, 4161, 14),
(276, 362, 18),
(277, 5525, 6),
(278, 4161, 18),
(279, 5583, 14),
(280, 4223, 14),
(281, 5583, 16),
(282, 4161, 1),
(283, 4223, 16),
(284, 5525, 4),
(285, 5525, 14),
(286, 5525, 16),
(287, 10243, 6),
(288, 10243, 5),
(289, 10243, 4),
(290, 18080, 4),
(291, 18080, 6),
(292, 9721, 6),
(293, 18080, 5),
(294, 11934, 4),
(295, 9721, 5),
(296, 18080, 15),
(297, 11934, 6),
(298, 3747, 4),
(299, 9721, 4),
(300, 3747, 14),
(301, 11934, 5),
(302, 2551, 4),
(303, 10533, 4),
(304, 2551, 1),
(305, 10533, 18),
(306, 3747, 1),
(307, 2551, 18),
(308, 10533, 1),
(309, 3747, 16),
(310, 3747, 18),
(311, 3387, 18),
(312, 4166, 4),
(313, 4166, 16),
(314, 1010, 6),
(315, 4166, 14),
(316, 1010, 5),
(317, 1010, 4),
(318, 3191, 6),
(319, 1010, 3),
(320, 3543, 6),
(321, 58134, 18),
(322, 3191, 4),
(323, 3543, 18),
(324, 3191, 5),
(325, 1010, 7),
(326, 3543, 4),
(327, 1010, 18),
(328, 3191, 1),
(329, 3543, 21),
(330, 3191, 14),
(331, 18240, 4),
(332, 3543, 5),
(333, 3191, 18),
(334, 18240, 3),
(335, 3543, 16),
(336, 18240, 21),
(337, 3543, 14),
(338, 18240, 14),
(339, 18240, 7),
(340, 18240, 18),
(341, 18240, 16),
(342, 18240, 1),
(343, 3841, 4),
(344, 4502, 4),
(345, 9882, 4),
(346, 343607, 16),
(347, 4003, 4),
(348, 4513, 4),
(349, 343607, 4),
(350, 3841, 16),
(351, 9882, 6),
(352, 4502, 14),
(353, 4003, 5),
(354, 4513, 14),
(355, 343607, 14),
(356, 3841, 1),
(357, 9882, 5),
(358, 4502, 16),
(359, 4513, 16),
(360, 4003, 14),
(361, 9882, 1),
(362, 3841, 18),
(363, 4003, 16),
(364, 3841, 14),
(365, 9882, 18),
(366, 3841, 10),
(367, 39, 4),
(368, 39, 18),
(369, 13554, 4),
(370, 3017, 4),
(371, 3853, 5),
(372, 3017, 1),
(373, 39, 1),
(374, 13554, 5),
(375, 3853, 6),
(376, 13554, 55),
(377, 430, 4),
(378, 3017, 18),
(379, 3853, 4),
(380, 430, 3),
(381, 3853, 7),
(382, 2792, 5),
(383, 430, 5),
(384, 3853, 18),
(385, 2792, 3),
(386, 430, 21),
(387, 2792, 6),
(388, 430, 15),
(389, 2792, 4),
(390, 430, 16),
(391, 2792, 18),
(392, 430, 18),
(393, 2792, 1),
(394, 430, 80),
(395, 19301, 80),
(396, 19301, 6),
(397, 2361, 3),
(398, 4280, 4),
(399, 19301, 5),
(400, 2361, 6),
(401, 10754, 4),
(402, 4280, 5),
(403, 10754, 5),
(404, 19301, 4),
(405, 2361, 5),
(406, 108, 4),
(407, 10754, 1),
(408, 2361, 4),
(409, 3740, 6),
(410, 4280, 16),
(411, 108, 21),
(412, 4280, 14),
(413, 2361, 80),
(414, 10754, 18),
(415, 3740, 4),
(416, 108, 3),
(417, 2361, 18),
(418, 3740, 5),
(419, 108, 1),
(420, 3740, 3),
(421, 2361, 15),
(422, 108, 18),
(423, 3740, 19),
(424, 2361, 14),
(425, 3740, 16),
(426, 2361, 16),
(427, 3740, 18),
(428, 2361, 1),
(429, 3740, 14),
(430, 11435, 4),
(431, 11435, 5),
(432, 17576, 14),
(433, 17576, 4),
(434, 17576, 18),
(435, 17576, 1),
(436, 17576, 5);

-- --------------------------------------------------------

--
-- Structure de la table `plateforme`
--

CREATE TABLE `plateforme` (
  `p_id` int(11) NOT NULL,
  `p_nom` varchar(100) NOT NULL,
  `p_slug` varchar(100) NOT NULL,
  `p_image` varchar(255) NOT NULL
) ENGINE=InnoDB DEFAULT CHARSET=utf8mb4;

--
-- Déchargement des données de la table `plateforme`
--

INSERT INTO `plateforme` (`p_id`, `p_nom`, `p_slug`, `p_image`) VALUES
(3, 'iOS', 'ios', 'https://media.rawg.io/media/games/e7f/e7fcc77eea92636490e0a81117d021e2.jpg'),
(4, 'PC', 'pc', 'https://media.rawg.io/media/games/88c/88c5b4d7c80276c03ff62aebb1a99ad4.jpg'),
(5, 'macOS', 'macos', 'https://media.rawg.io/media/games/55e/55ee6432ac2bf224610fa17e4c652107.jpg'),
(6, 'Linux', 'linux', 'https://media.rawg.io/media/games/7a2/7a2500ee8b2c0e1ff268bb4479463dea.jpg'),
(7, 'New old Nintendo Switch ', 'new-old-nintendo-switch', 'https://upload.wikimedia.org/wikipedia/commons/thumb/7/76/Nintendo-Switch-Console-Docked-wJoyConRB.jpg/2880px-Nintendo-Switch-Console-Docked-wJoyConRB.jpg'),
(8, 'Nintendo 3DS', 'nintendo-3ds', 'https://media.rawg.io/media/screenshots/b7b/b7b2c1c2ffb15a99201c2d57b0de04bc.jpg'),
(9, 'Nintendo DS', 'nintendo-ds', 'https://media.rawg.io/media/screenshots/d4d/d4d473eaed307b16bdffcb44fc2a3019.jpg'),
(10, 'Wii U', 'wii-u', 'https://media.rawg.io/media/games/b4e/b4e4c73d5aa4ec66bbf75375c4847a2b.jpg'),
(11, 'Wii', 'wii', 'https://media.rawg.io/media/games/dd7/dd72d8a527cd9245c7eb7cd05aa53efa.jpg'),
(12, 'Neo Geo', 'neogeo', 'https://media.rawg.io/media/screenshots/0f1/0f18d6412813ff8c2fab0ef432ac7538.jpg'),
(13, 'Nintendo DSi', 'nintendo-dsi', 'https://media.rawg.io/media/screenshots/079/07930cb37a3db36f06d7cc3ccc7a8a62.jpg'),
(14, 'Xbox 360', 'xbox360', 'https://media.rawg.io/media/games/198/1988a337305e008b41d7f536ce9b73f6.jpg'),
(15, 'PlayStation 2', 'playstation2', 'https://media.rawg.io/media/games/97a/97a5fee8bba1189f70a9874171f45195.jpg'),
(16, 'PlayStation 3', 'playstation3', 'https://media.rawg.io/media/games/238/2383a172b4d50a7b44e07980eb7141ea.jpg'),
(17, 'PSP', 'psp', 'https://media.rawg.io/media/screenshots/ea3/ea30b393a399258ba6de06e28f82ef86.jpg'),
(18, 'PlayStation 4', 'playstation4', 'https://media.rawg.io/media/games/364/3642d850efb217c58feab80b8affaa89.jpg'),
(19, 'PS Vita', 'ps-vita', 'https://media.rawg.io/media/games/9fa/9fa63622543e5d4f6d99aa9d73b043de.jpg'),
(21, 'Android', 'android', 'https://media.rawg.io/media/games/aa3/aa36ba4b486a03ddfaef274fb4f5afd4.jpg'),
(22, 'Atari Flashback', 'atari-flashback', 'https://media.rawg.io/media/screenshots/6ff/6ff0d1acf667e782d709d6fb96cddd0a.jpg'),
(23, 'Atari 2600', 'atari-2600', 'https://media.rawg.io/media/screenshots/b0e/b0e684fd240c803234cb9cdd8cb0e74e.jpg'),
(24, 'Game Boy Advance', 'game-boy-advance', 'https://media.rawg.io/media/screenshots/bf7/bf76ba791262ca3a3580fc776bdecb87.jpg'),
(25, 'Atari 8-bit', 'atari-8-bit', 'https://media.rawg.io/media/screenshots/a81/a811d1cbea6e777e77567b9fb4532310.jpg'),
(26, 'Game Boy', 'game-boy', 'https://media.rawg.io/media/games/470/47058af09b864c2d211a08271eccfb4f.jpg'),
(27, 'PlayStation', 'playstation1', 'https://media.rawg.io/media/games/017/01778e235ab9478d18e8b53f855346a2.jpg'),
(28, 'Atari 7800', 'atari-7800', 'https://media.rawg.io/media/screenshots/47e/47eeb8bb4e627c784a4904bbb9a739e0.jpg'),
(31, 'Atari 5200', 'atari-5200', 'https://media.rawg.io/media/screenshots/5fa/5faaa4749ac1d65d7b5dff9a47d48dff.jpg'),
(34, 'Atari ST', 'atari-st', 'https://media.rawg.io/media/screenshots/773/7730495e8fc0fe7e1e747cb9449399ac.jpeg'),
(41, 'Apple II', 'apple-ii', 'https://media.rawg.io/media/screenshots/308/308100da708a1f45e586a6a34dfec309.jpg'),
(43, 'Game Boy Color', 'game-boy-color', 'https://media.rawg.io/media/games/154/154fea9689109f26c49c6a2db6263ef9.jpg'),
(46, 'Atari Lynx', 'atari-lynx', 'https://media.rawg.io/media/screenshots/fe2/fe255f7d388075ccbdccb689ca218667.jpg'),
(49, 'NES', 'nes', 'https://media.rawg.io/media/screenshots/8ec/8ec4602c7f3e9f3a1ee51dd8582a7b78.jpeg'),
(50, 'Atari XEGS', 'atari-xegs', 'https://media.rawg.io/media/screenshots/769/7691726d70c23c029903df08858df001.jpg'),
(55, 'Classic Macintosh', 'macintosh', 'https://media.rawg.io/media/screenshots/f6b/f6b3338889ec877c9d3d89fc4f665152.jpg'),
(74, 'SEGA Master System', 'sega-master-system', 'https://media.rawg.io/media/games/32d/32d851318b042aba3df62e52d868d599.jpg'),
(77, 'Game Gear', 'game-gear', 'https://media.rawg.io/media/games/52b/52b893ab5df654ad49e3cbc4e8208d28.jpg'),
(79, 'SNES', 'snes', 'https://media.rawg.io/media/screenshots/d2a/d2a67fc84413d5341408da527e7dde60.jpg'),
(80, 'Xbox', 'xbox-old', 'https://media.rawg.io/media/games/22b/22bf65c21576edbbf5590d173f96ce00.jpg'),
(83, 'Nintendo 64', 'nintendo-64', 'https://media.rawg.io/media/games/3a0/3a0c8e9ed3a711c542218831b893a0fa.jpg'),
(105, 'GameCube', 'gamecube', 'https://media.rawg.io/media/screenshots/afc/afc146e4644b7a15282e4ad4af9b2444.jpg'),
(106, 'Dreamcast', 'dreamcast', 'https://media.rawg.io/media/screenshots/4cc/4ccee6c3e367f4dd94d19d4857dfc1c9.jpeg'),
(107, 'SEGA Saturn', 'sega-saturn', 'https://media.rawg.io/media/screenshots/45f/45ff84b8d2b2c610edad9117abbc89f4.jpg'),
(111, '3DO', '3do', 'https://media.rawg.io/media/screenshots/b77/b77920a7285fdd683298960d76f90da9.jpg'),
(112, 'Jaguar', 'jaguar', 'https://media.rawg.io/media/screenshots/47c/47c0e7b847d36812735e75a0fd48dca9.jpg'),
(117, 'SEGA 32X', 'sega-32x', 'https://media.rawg.io/media/screenshots/e3a/e3a8a714cb0f1a99451defd723a81ab6.jpg'),
(119, 'SEGA CD', 'sega-cd', 'https://media.rawg.io/media/screenshots/cb3/cb3ce8bd4efc53a18229a60df7338f95.jpg'),
(166, 'Commodore / Amiga', 'commodore-amiga', 'https://media.rawg.io/media/screenshots/320/320ce130a133428685a87ab44e631760.jpg'),
(167, 'Genesis', 'genesis', 'https://media.rawg.io/media/screenshots/9fb/9fb2f64404aeb409632ab479f2f51443.jpg'),
(171, 'Web', 'web', 'https://media.rawg.io/media/screenshots/393/39378cc1ea920c72fcd5e13300c50fc9.jpg');

--
-- Index pour les tables déchargées
--

--
-- Index pour la table `genre`
--
ALTER TABLE `genre`
  ADD PRIMARY KEY (`g_id`);

--
-- Index pour la table `jeuvideo`
--
ALTER TABLE `jeuvideo`
  ADD PRIMARY KEY (`jv_id`);

--
-- Index pour la table `jeuvideo_media`
--
ALTER TABLE `jeuvideo_media`
  ADD PRIMARY KEY (`jvm_id`);

--
-- Index pour la table `jeuvideo_plateforme`
--
ALTER TABLE `jeuvideo_plateforme`
  ADD PRIMARY KEY (`jvp_id`);

--
-- Index pour la table `plateforme`
--
ALTER TABLE `plateforme`
  ADD PRIMARY KEY (`p_id`);

--
-- AUTO_INCREMENT pour les tables déchargées
--

--
-- AUTO_INCREMENT pour la table `genre`
--
ALTER TABLE `genre`
  MODIFY `g_id` int(11) NOT NULL AUTO_INCREMENT, AUTO_INCREMENT=84;

--
-- AUTO_INCREMENT pour la table `jeuvideo`
--
ALTER TABLE `jeuvideo`
  MODIFY `jv_id` int(11) NOT NULL AUTO_INCREMENT, AUTO_INCREMENT=343608;

--
-- AUTO_INCREMENT pour la table `jeuvideo_media`
--
ALTER TABLE `jeuvideo_media`
  MODIFY `jvm_id` int(11) NOT NULL AUTO_INCREMENT, AUTO_INCREMENT=694;

--
-- AUTO_INCREMENT pour la table `jeuvideo_plateforme`
--
ALTER TABLE `jeuvideo_plateforme`
  MODIFY `jvp_id` int(11) NOT NULL AUTO_INCREMENT, AUTO_INCREMENT=437;

--
-- AUTO_INCREMENT pour la table `plateforme`
--
ALTER TABLE `plateforme`
  MODIFY `p_id` int(11) NOT NULL AUTO_INCREMENT, AUTO_INCREMENT=173;
